chain_id,stage_index,from_id,from_name,to_id,to_name,generation,trigger,min_level,item,location,gender,time_of_day,details_raw,sourceUrl
256,0,495,snivy,496,servine,generation-v,level-up,17,,,None,,"{'base_form_id': None, 'gender': None, 'held_item': None, 'item': None, 'known_move': None, 'known_move_type': None, 'location': None, 'min_affection': None, 'min_beauty': None, 'min_happiness': None, 'min_level': 17, 'needs_overworld_rain': False, 'party_species': None, 'party_type': None, 'region_id': None, 'relative_physical_stats': None, 'time_of_day': '', 'trade_species': None, 'trigger': {'name': 'level-up', 'url': 'https://pokeapi.co/api/v2/evolution-trigger/1/'}, 'turn_upside_down': False}",https://pokeapi.co/api/v2/evolution-chain/256
256,1,496,servine,497,serperior,generation-v,level-up,36,,,None,,"{'base_form_id': None, 'gender': None, 'held_item': None, 'item': None, 'known_move': None, 'known_move_type': None, 'location': None, 'min_affection': None, 'min_beauty': None, 'min_happiness': None, 'min_level': 36, 'needs_overworld_rain': False, 'party_species': None, 'party_type': None, 'region_id': None, 'relative_physical_stats': None, 'time_of_day': '', 'trade_species': None, 'trigger': {'name': 'level-up', 'url': 'https://pokeapi.co/api/v2/evolution-trigger/1/'}, 'turn_upside_down': False}",https://pokeapi.co/api/v2/evolution-chain/256
257,0,498,tepig,499,pignite,generation-v,level-up,17,,,None,,"{'base_form_id': None, 'gender': None, 'held_item': None, 'item': None, 'known_move': None, 'known_move_type': None, 'location': None, 'min_affection': None, 'min_beauty': None, 'min_happiness': None, 'min_level': 17, 'needs_overworld_rain': False, 'party_species': None, 'party_type': None, 'region_id': None, 'relative_physical_stats': None, 'time_of_day': '', 'trade_species': None, 'trigger': {'name': 'level-up', 'url': 'https://pokeapi.co/api/v2/evolution-trigger/1/'}, 'turn_upside_down': False}",https://pokeapi.co/api/v2/evolution-chain/257
257,1,499,pignite,500,emboar,generation-v,level-up,36,,,None,,"{'base_form_id': None, 'gender': None, 'held_item': None, 'item': None, 'known_move': None, 'known_move_type': None, 'location': None, 'min_affection': None, 'min_beauty': None, 'min_happiness': None, 'min_level': 36, 'needs_overworld_rain': False, 'party_species': None, 'party_type': None, 'region_id': None, 'relative_physical_stats': None, 'time_of_day': '', 'trade_species': None, 'trigger': {'name': 'level-up', 'url': 'https://pokeapi.co/api/v2/evolution-trigger/1/'}, 'turn_upside_down': False}",https://pokeapi.co/api/v2/evolution-chain/257
258,0,501,oshawott,502,dewott,generation-v,level-up,17,,,None,,"{'base_form_id': None, 'gender': None, 'held_item': None, 'item': None, 'known_move': None, 'known_move_type': None, 'location': None, 'min_affection': None, 'min_beauty': None, 'min_happiness': None, 'min_level': 17, 'needs_overworld_rain': False, 'party_species': None, 'party_type': None, 'region_id': None, 'relative_physical_stats': None, 'time_of_day': '', 'trade_species': None, 'trigger': {'name': 'level-up', 'url': 'https://pokeapi.co/api/v2/evolution-trigger/1/'}, 'turn_upside_down': False}",https://pokeapi.co/api/v2/evolution-chain/258
258,1,502,dewott,503,samurott,generation-v,level-up,36,,,None,,"{'base_form_id': None, 'gender': None, 'held_item': None, 'item': None, 'known_move': None, 'known_move_type': None, 'location': None, 'min_affection': None, 'min_beauty': None, 'min_happiness': None, 'min_level': 36, 'needs_overworld_rain': False, 'party_species': None, 'party_type': None, 'region_id': None, 'relative_physical_stats': None, 'time_of_day': '', 'trade_species': None, 'trigger': {'name': 'level-up', 'url': 'https://pokeapi.co/api/v2/evolution-trigger/1/'}, 'turn_upside_down': False}",https://pokeapi.co/api/v2/evolution-chain/258
259,0,504,patrat,505,watchog,generation-v,level-up,20,,,None,,"{'base_form_id': None, 'gender': None, 'held_item': None, 'item': None, 'known_move': None, 'known_move_type': None, 'location': None, 'min_affection': None, 'min_beauty': None, 'min_happiness': None, 'min_level': 20, 'needs_overworld_rain': False, 'party_species': None, 'party_type': None, 'region_id': None, 'relative_physical_stats': None, 'time_of_day': '', 'trade_species': None, 'trigger': {'name': 'level-up', 'url': 'https://pokeapi.co/api/v2/evolution-trigger/1/'}, 'turn_upside_down': False}",https://pokeapi.co/api/v2/evolution-chain/259
260,0,506,lillipup,507,herdier,generation-v,level-up,16,,,None,,"{'base_form_id': None, 'gender': None, 'held_item': None, 'item': None, 'known_move': None, 'known_move_type': None, 'location': None, 'min_affection': None, 'min_beauty': None, 'min_happiness': None, 'min_level': 16, 'needs_overworld_rain': False, 'party_species': None, 'party_type': None, 'region_id': None, 'relative_physical_stats': None, 'time_of_day': '', 'trade_species': None, 'trigger': {'name': 'level-up', 'url': 'https://pokeapi.co/api/v2/evolution-trigger/1/'}, 'turn_upside_down': False}",https://pokeapi.co/api/v2/evolution-chain/260
260,1,507,herdier,508,stoutland,generation-v,level-up,32,,,None,,"{'base_form_id': None, 'gender': None, 'held_item': None, 'item': None, 'known_move': None, 'known_move_type': None, 'location': None, 'min_affection': None, 'min_beauty': None, 'min_happiness': None, 'min_level': 32, 'needs_overworld_rain': False, 'party_species': None, 'party_type': None, 'region_id': None, 'relative_physical_stats': None, 'time_of_day': '', 'trade_species': None, 'trigger': {'name': 'level-up', 'url': 'https://pokeapi.co/api/v2/evolution-trigger/1/'}, 'turn_upside_down': False}",https://pokeapi.co/api/v2/evolution-chain/260
261,0,509,purrloin,510,liepard,generation-v,level-up,20,,,None,,"{'base_form_id': None, 'gender': None, 'held_item': None, 'item': None, 'known_move': None, 'known_move_type': None, 'location': None, 'min_affection': None, 'min_beauty': None, 'min_happiness': None, 'min_level': 20, 'needs_overworld_rain': False, 'party_species': None, 'party_type': None, 'region_id': None, 'relative_physical_stats': None, 'time_of_day': '', 'trade_species': None, 'trigger': {'name': 'level-up', 'url': 'https://pokeapi.co/api/v2/evolution-trigger/1/'}, 'turn_upside_down': False}",https://pokeapi.co/api/v2/evolution-chain/261
262,0,511,pansage,512,simisage,generation-v,use-item,None,leaf-stone,,None,,"{'base_form_id': None, 'gender': None, 'held_item': None, 'item': {'name': 'leaf-stone', 'url': 'https://pokeapi.co/api/v2/item/85/'}, 'known_move': None, 'known_move_type': None, 'location': None, 'min_affection': None, 'min_beauty': None, 'min_happiness': None, 'min_level': None, 'needs_overworld_rain': False, 'party_species': None, 'party_type': None, 'region_id': None, 'relative_physical_stats': None, 'time_of_day': '', 'trade_species': None, 'trigger': {'name': 'use-item', 'url': 'https://pokeapi.co/api/v2/evolution-trigger/3/'}, 'turn_upside_down': False}",https://pokeapi.co/api/v2/evolution-chain/262
263,0,513,pansear,514,simisear,generation-v,use-item,None,fire-stone,,None,,"{'base_form_id': None, 'gender': None, 'held_item': None, 'item': {'name': 'fire-stone', 'url': 'https://pokeapi.co/api/v2/item/82/'}, 'known_move': None, 'known_move_type': None, 'location': None, 'min_affection': None, 'min_beauty': None, 'min_happiness': None, 'min_level': None, 'needs_overworld_rain': False, 'party_species': None, 'party_type': None, 'region_id': None, 'relative_physical_stats': None, 'time_of_day': '', 'trade_species': None, 'trigger': {'name': 'use-item', 'url': 'https://pokeapi.co/api/v2/evolution-trigger/3/'}, 'turn_upside_down': False}",https://pokeapi.co/api/v2/evolution-chain/263
264,0,515,panpour,516,simipour,generation-v,use-item,None,water-stone,,None,,"{'base_form_id': None, 'gender': None, 'held_item': None, 'item': {'name': 'water-stone', 'url': 'https://pokeapi.co/api/v2/item/84/'}, 'known_move': None, 'known_move_type': None, 'location': None, 'min_affection': None, 'min_beauty': None, 'min_happiness': None, 'min_level': None, 'needs_overworld_rain': False, 'party_species': None, 'party_type': None, 'region_id': None, 'relative_physical_stats': None, 'time_of_day': '', 'trade_species': None, 'trigger': {'name': 'use-item', 'url': 'https://pokeapi.co/api/v2/evolution-trigger/3/'}, 'turn_upside_down': False}",https://pokeapi.co/api/v2/evolution-chain/264
265,0,517,munna,518,musharna,generation-v,use-item,None,moon-stone,,None,,"{'base_form_id': None, 'gender': None, 'held_item': None, 'item': {'name': 'moon-stone', 'url': 'https://pokeapi.co/api/v2/item/81/'}, 'known_move': None, 'known_move_type': None, 'location': None, 'min_affection': None, 'min_beauty': None, 'min_happiness': None, 'min_level': None, 'needs_overworld_rain': False, 'party_species': None, 'party_type': None, 'region_id': None, 'relative_physical_stats': None, 'time_of_day': '', 'trade_species': None, 'trigger': {'name': 'use-item', 'url': 'https://pokeapi.co/api/v2/evolution-trigger/3/'}, 'turn_upside_down': False}",https://pokeapi.co/api/v2/evolution-chain/265
266,0,519,pidove,520,tranquill,generation-v,level-up,21,,,None,,"{'base_form_id': None, 'gender': None, 'held_item': None, 'item': None, 'known_move': None, 'known_move_type': None, 'location': None, 'min_affection': None, 'min_beauty': None, 'min_happiness': None, 'min_level': 21, 'needs_overworld_rain': False, 'party_species': None, 'party_type': None, 'region_id': None, 'relative_physical_stats': None, 'time_of_day': '', 'trade_species': None, 'trigger': {'name': 'level-up', 'url': 'https://pokeapi.co/api/v2/evolution-trigger/1/'}, 'turn_upside_down': False}",https://pokeapi.co/api/v2/evolution-chain/266
266,1,520,tranquill,521,unfezant,generation-v,level-up,32,,,None,,"{'base_form_id': None, 'gender': None, 'held_item': None, 'item': None, 'known_move': None, 'known_move_type': None, 'location': None, 'min_affection': None, 'min_beauty': None, 'min_happiness': None, 'min_level': 32, 'needs_overworld_rain': False, 'party_species': None, 'party_type': None, 'region_id': None, 'relative_physical_stats': None, 'time_of_day': '', 'trade_species': None, 'trigger': {'name': 'level-up', 'url': 'https://pokeapi.co/api/v2/evolution-trigger/1/'}, 'turn_upside_down': False}",https://pokeapi.co/api/v2/evolution-chain/266
267,0,522,blitzle,523,zebstrika,generation-v,level-up,27,,,None,,"{'base_form_id': None, 'gender': None, 'held_item': None, 'item': None, 'known_move': None, 'known_move_type': None, 'location': None, 'min_affection': None, 'min_beauty': None, 'min_happiness': None, 'min_level': 27, 'needs_overworld_rain': False, 'party_species': None, 'party_type': None, 'region_id': None, 'relative_physical_stats': None, 'time_of_day': '', 'trade_species': None, 'trigger': {'name': 'level-up', 'url': 'https://pokeapi.co/api/v2/evolution-trigger/1/'}, 'turn_upside_down': False}",https://pokeapi.co/api/v2/evolution-chain/267
268,0,524,roggenrola,525,boldore,generation-v,level-up,25,,,None,,"{'base_form_id': None, 'gender': None, 'held_item': None, 'item': None, 'known_move': None, 'known_move_type': None, 'location': None, 'min_affection': None, 'min_beauty': None, 'min_happiness': None, 'min_level': 25, 'needs_overworld_rain': False, 'party_species': None, 'party_type': None, 'region_id': None, 'relative_physical_stats': None, 'time_of_day': '', 'trade_species': None, 'trigger': {'name': 'level-up', 'url': 'https://pokeapi.co/api/v2/evolution-trigger/1/'}, 'turn_upside_down': False}",https://pokeapi.co/api/v2/evolution-chain/268
268,1,525,boldore,526,gigalith,generation-v,trade,None,,,None,,"{'base_form_id': None, 'gender': None, 'held_item': None, 'item': None, 'known_move': None, 'known_move_type': None, 'location': None, 'min_affection': None, 'min_beauty': None, 'min_happiness': None, 'min_level': None, 'needs_overworld_rain': False, 'party_species': None, 'party_type': None, 'region_id': None, 'relative_physical_stats': None, 'time_of_day': '', 'trade_species': None, 'trigger': {'name': 'trade', 'url': 'https://pokeapi.co/api/v2/evolution-trigger/2/'}, 'turn_upside_down': False}",https://pokeapi.co/api/v2/evolution-chain/268
269,0,527,woobat,528,swoobat,generation-v,level-up,None,,,None,,"{'base_form_id': None, 'gender': None, 'held_item': None, 'item': None, 'known_move': None, 'known_move_type': None, 'location': None, 'min_affection': None, 'min_beauty': None, 'min_happiness': 160, 'min_level': None, 'needs_overworld_rain': False, 'party_species': None, 'party_type': None, 'region_id': None, 'relative_physical_stats': None, 'time_of_day': '', 'trade_species': None, 'trigger': {'name': 'level-up', 'url': 'https://pokeapi.co/api/v2/evolution-trigger/1/'}, 'turn_upside_down': False}",https://pokeapi.co/api/v2/evolution-chain/269
270,0,529,drilbur,530,excadrill,generation-v,level-up,31,,,None,,"{'base_form_id': None, 'gender': None, 'held_item': None, 'item': None, 'known_move': None, 'known_move_type': None, 'location': None, 'min_affection': None, 'min_beauty': None, 'min_happiness': None, 'min_level': 31, 'needs_overworld_rain': False, 'party_species': None, 'party_type': None, 'region_id': None, 'relative_physical_stats': None, 'time_of_day': '', 'trade_species': None, 'trigger': {'name': 'level-up', 'url': 'https://pokeapi.co/api/v2/evolution-trigger/1/'}, 'turn_upside_down': False}",https://pokeapi.co/api/v2/evolution-chain/270
272,0,532,timburr,533,gurdurr,generation-v,level-up,25,,,None,,"{'base_form_id': None, 'gender': None, 'held_item': None, 'item': None, 'known_move': None, 'known_move_type': None, 'location': None, 'min_affection': None, 'min_beauty': None, 'min_happiness': None, 'min_level': 25, 'needs_overworld_rain': False, 'party_species': None, 'party_type': None, 'region_id': None, 'relative_physical_stats': None, 'time_of_day': '', 'trade_species': None, 'trigger': {'name': 'level-up', 'url': 'https://pokeapi.co/api/v2/evolution-trigger/1/'}, 'turn_upside_down': False}",https://pokeapi.co/api/v2/evolution-chain/272
272,1,533,gurdurr,534,conkeldurr,generation-v,trade,None,,,None,,"{'base_form_id': None, 'gender': None, 'held_item': None, 'item': None, 'known_move': None, 'known_move_type': None, 'location': None, 'min_affection': None, 'min_beauty': None, 'min_happiness': None, 'min_level': None, 'needs_overworld_rain': False, 'party_species': None, 'party_type': None, 'region_id': None, 'relative_physical_stats': None, 'time_of_day': '', 'trade_species': None, 'trigger': {'name': 'trade', 'url': 'https://pokeapi.co/api/v2/evolution-trigger/2/'}, 'turn_upside_down': False}",https://pokeapi.co/api/v2/evolution-chain/272
273,0,535,tympole,536,palpitoad,generation-v,level-up,25,,,None,,"{'base_form_id': None, 'gender': None, 'held_item': None, 'item': None, 'known_move': None, 'known_move_type': None, 'location': None, 'min_affection': None, 'min_beauty': None, 'min_happiness': None, 'min_level': 25, 'needs_overworld_rain': False, 'party_species': None, 'party_type': None, 'region_id': None, 'relative_physical_stats': None, 'time_of_day': '', 'trade_species': None, 'trigger': {'name': 'level-up', 'url': 'https://pokeapi.co/api/v2/evolution-trigger/1/'}, 'turn_upside_down': False}",https://pokeapi.co/api/v2/evolution-chain/273
273,1,536,palpitoad,537,seismitoad,generation-v,level-up,36,,,None,,"{'base_form_id': None, 'gender': None, 'held_item': None, 'item': None, 'known_move': None, 'known_move_type': None, 'location': None, 'min_affection': None, 'min_beauty': None, 'min_happiness': None, 'min_level': 36, 'needs_overworld_rain': False, 'party_species': None, 'party_type': None, 'region_id': None, 'relative_physical_stats': None, 'time_of_day': '', 'trade_species': None, 'trigger': {'name': 'level-up', 'url': 'https://pokeapi.co/api/v2/evolution-trigger/1/'}, 'turn_upside_down': False}",https://pokeapi.co/api/v2/evolution-chain/273
276,0,540,sewaddle,541,swadloon,generation-v,level-up,20,,,None,,"{'base_form_id': None, 'gender': None, 'held_item': None, 'item': None, 'known_move': None, 'known_move_type': None, 'location': None, 'min_affection': None, 'min_beauty': None, 'min_happiness': None, 'min_level': 20, 'needs_overworld_rain': False, 'party_species': None, 'party_type': None, 'region_id': None, 'relative_physical_stats': None, 'time_of_day': '', 'trade_species': None, 'trigger': {'name': 'level-up', 'url': 'https://pokeapi.co/api/v2/evolution-trigger/1/'}, 'turn_upside_down': False}",https://pokeapi.co/api/v2/evolution-chain/276
276,1,541,swadloon,542,leavanny,generation-v,level-up,None,,,None,,"{'base_form_id': None, 'gender': None, 'held_item': None, 'item': None, 'known_move': None, 'known_move_type': None, 'location': None, 'min_affection': None, 'min_beauty': None, 'min_happiness': 220, 'min_level': None, 'needs_overworld_rain': False, 'party_species': None, 'party_type': None, 'region_id': None, 'relative_physical_stats': None, 'time_of_day': '', 'trade_species': None, 'trigger': {'name': 'level-up', 'url': 'https://pokeapi.co/api/v2/evolution-trigger/1/'}, 'turn_upside_down': False}",https://pokeapi.co/api/v2/evolution-chain/276
277,0,543,venipede,544,whirlipede,generation-v,level-up,22,,,None,,"{'base_form_id': None, 'gender': None, 'held_item': None, 'item': None, 'known_move': None, 'known_move_type': None, 'location': None, 'min_affection': None, 'min_beauty': None, 'min_happiness': None, 'min_level': 22, 'needs_overworld_rain': False, 'party_species': None, 'party_type': None, 'region_id': None, 'relative_physical_stats': None, 'time_of_day': '', 'trade_species': None, 'trigger': {'name': 'level-up', 'url': 'https://pokeapi.co/api/v2/evolution-trigger/1/'}, 'turn_upside_down': False}",https://pokeapi.co/api/v2/evolution-chain/277
277,1,544,whirlipede,545,scolipede,generation-v,level-up,30,,,None,,"{'base_form_id': None, 'gender': None, 'held_item': None, 'item': None, 'known_move': None, 'known_move_type': None, 'location': None, 'min_affection': None, 'min_beauty': None, 'min_happiness': None, 'min_level': 30, 'needs_overworld_rain': False, 'party_species': None, 'party_type': None, 'region_id': None, 'relative_physical_stats': None, 'time_of_day': '', 'trade_species': None, 'trigger': {'name': 'level-up', 'url': 'https://pokeapi.co/api/v2/evolution-trigger/1/'}, 'turn_upside_down': False}",https://pokeapi.co/api/v2/evolution-chain/277
278,0,546,cottonee,547,whimsicott,generation-v,use-item,None,sun-stone,,None,,"{'base_form_id': None, 'gender': None, 'held_item': None, 'item': {'name': 'sun-stone', 'url': 'https://pokeapi.co/api/v2/item/80/'}, 'known_move': None, 'known_move_type': None, 'location': None, 'min_affection': None, 'min_beauty': None, 'min_happiness': None, 'min_level': None, 'needs_overworld_rain': False, 'party_species': None, 'party_type': None, 'region_id': None, 'relative_physical_stats': None, 'time_of_day': '', 'trade_species': None, 'trigger': {'name': 'use-item', 'url': 'https://pokeapi.co/api/v2/evolution-trigger/3/'}, 'turn_upside_down': False}",https://pokeapi.co/api/v2/evolution-chain/278
279,0,548,petilil,549,lilligant,generation-v,use-item,None,sun-stone,,None,,"{'base_form_id': None, 'gender': None, 'held_item': None, 'item': {'name': 'sun-stone', 'url': 'https://pokeapi.co/api/v2/item/80/'}, 'known_move': None, 'known_move_type': None, 'location': None, 'min_affection': None, 'min_beauty': None, 'min_happiness': None, 'min_level': None, 'needs_overworld_rain': False, 'party_species': None, 'party_type': None, 'region_id': None, 'relative_physical_stats': None, 'time_of_day': '', 'trade_species': None, 'trigger': {'name': 'use-item', 'url': 'https://pokeapi.co/api/v2/evolution-trigger/3/'}, 'turn_upside_down': False}",https://pokeapi.co/api/v2/evolution-chain/279
280,0,550,basculin,902,basculegion,generation-v,recoil-damage,None,,,None,,"{'base_form_id': None, 'gender': None, 'held_item': None, 'item': None, 'known_move': None, 'known_move_type': None, 'location': None, 'min_affection': None, 'min_beauty': None, 'min_happiness': None, 'min_level': None, 'needs_overworld_rain': False, 'party_species': None, 'party_type': None, 'region_id': None, 'relative_physical_stats': None, 'time_of_day': '', 'trade_species': None, 'trigger': {'name': 'recoil-damage', 'url': 'https://pokeapi.co/api/v2/evolution-trigger/13/'}, 'turn_upside_down': False}",https://pokeapi.co/api/v2/evolution-chain/280
281,0,551,sandile,552,krokorok,generation-v,level-up,29,,,None,,"{'base_form_id': None, 'gender': None, 'held_item': None, 'item': None, 'known_move': None, 'known_move_type': None, 'location': None, 'min_affection': None, 'min_beauty': None, 'min_happiness': None, 'min_level': 29, 'needs_overworld_rain': False, 'party_species': None, 'party_type': None, 'region_id': None, 'relative_physical_stats': None, 'time_of_day': '', 'trade_species': None, 'trigger': {'name': 'level-up', 'url': 'https://pokeapi.co/api/v2/evolution-trigger/1/'}, 'turn_upside_down': False}",https://pokeapi.co/api/v2/evolution-chain/281
281,1,552,krokorok,553,krookodile,generation-v,level-up,40,,,None,,"{'base_form_id': None, 'gender': None, 'held_item': None, 'item': None, 'known_move': None, 'known_move_type': None, 'location': None, 'min_affection': None, 'min_beauty': None, 'min_happiness': None, 'min_level': 40, 'needs_overworld_rain': False, 'party_species': None, 'party_type': None, 'region_id': None, 'relative_physical_stats': None, 'time_of_day': '', 'trade_species': None, 'trigger': {'name': 'level-up', 'url': 'https://pokeapi.co/api/v2/evolution-trigger/1/'}, 'turn_upside_down': False}",https://pokeapi.co/api/v2/evolution-chain/281
282,0,554,darumaka,555,darmanitan,generation-v,level-up,35,,,None,,"{'base_form_id': None, 'gender': None, 'held_item': None, 'item': None, 'known_move': None, 'known_move_type': None, 'location': None, 'min_affection': None, 'min_beauty': None, 'min_happiness': None, 'min_level': 35, 'needs_overworld_rain': False, 'party_species': None, 'party_type': None, 'region_id': None, 'relative_physical_stats': None, 'time_of_day': '', 'trade_species': None, 'trigger': {'name': 'level-up', 'url': 'https://pokeapi.co/api/v2/evolution-trigger/1/'}, 'turn_upside_down': False}",https://pokeapi.co/api/v2/evolution-chain/282
282,0,554,darumaka,555,darmanitan,generation-v,use-item,None,ice-stone,,None,,"{'base_form_id': None, 'gender': None, 'held_item': None, 'item': {'name': 'ice-stone', 'url': 'https://pokeapi.co/api/v2/item/885/'}, 'known_move': None, 'known_move_type': None, 'location': None, 'min_affection': None, 'min_beauty': None, 'min_happiness': None, 'min_level': None, 'needs_overworld_rain': False, 'party_species': None, 'party_type': None, 'region_id': None, 'relative_physical_stats': None, 'time_of_day': '', 'trade_species': None, 'trigger': {'name': 'use-item', 'url': 'https://pokeapi.co/api/v2/evolution-trigger/3/'}, 'turn_upside_down': False}",https://pokeapi.co/api/v2/evolution-chain/282
284,0,557,dwebble,558,crustle,generation-v,level-up,34,,,None,,"{'base_form_id': None, 'gender': None, 'held_item': None, 'item': None, 'known_move': None, 'known_move_type': None, 'location': None, 'min_affection': None, 'min_beauty': None, 'min_happiness': None, 'min_level': 34, 'needs_overworld_rain': False, 'party_species': None, 'party_type': None, 'region_id': None, 'relative_physical_stats': None, 'time_of_day': '', 'trade_species': None, 'trigger': {'name': 'level-up', 'url': 'https://pokeapi.co/api/v2/evolution-trigger/1/'}, 'turn_upside_down': False}",https://pokeapi.co/api/v2/evolution-chain/284
285,0,559,scraggy,560,scrafty,generation-v,level-up,39,,,None,,"{'base_form_id': None, 'gender': None, 'held_item': None, 'item': None, 'known_move': None, 'known_move_type': None, 'location': None, 'min_affection': None, 'min_beauty': None, 'min_happiness': None, 'min_level': 39, 'needs_overworld_rain': False, 'party_species': None, 'party_type': None, 'region_id': None, 'relative_physical_stats': None, 'time_of_day': '', 'trade_species': None, 'trigger': {'name': 'level-up', 'url': 'https://pokeapi.co/api/v2/evolution-trigger/1/'}, 'turn_upside_down': False}",https://pokeapi.co/api/v2/evolution-chain/285
287,0,562,yamask,563,cofagrigus,generation-v,level-up,34,,,None,,"{'base_form_id': None, 'gender': None, 'held_item': None, 'item': None, 'known_move': None, 'known_move_type': None, 'location': None, 'min_affection': None, 'min_beauty': None, 'min_happiness': None, 'min_level': 34, 'needs_overworld_rain': False, 'party_species': None, 'party_type': None, 'region_id': None, 'relative_physical_stats': None, 'time_of_day': '', 'trade_species': None, 'trigger': {'name': 'level-up', 'url': 'https://pokeapi.co/api/v2/evolution-trigger/1/'}, 'turn_upside_down': False}",https://pokeapi.co/api/v2/evolution-chain/287
287,0,562,yamask,867,runerigus,generation-v,take-damage,None,,,None,,"{'base_form_id': None, 'gender': None, 'held_item': None, 'item': None, 'known_move': None, 'known_move_type': None, 'location': None, 'min_affection': None, 'min_beauty': None, 'min_happiness': None, 'min_level': None, 'needs_overworld_rain': False, 'party_species': None, 'party_type': None, 'region_id': None, 'relative_physical_stats': None, 'time_of_day': '', 'trade_species': None, 'trigger': {'name': 'take-damage', 'url': 'https://pokeapi.co/api/v2/evolution-trigger/9/'}, 'turn_upside_down': False}",https://pokeapi.co/api/v2/evolution-chain/287
288,0,564,tirtouga,565,carracosta,generation-v,level-up,37,,,None,,"{'base_form_id': None, 'gender': None, 'held_item': None, 'item': None, 'known_move': None, 'known_move_type': None, 'location': None, 'min_affection': None, 'min_beauty': None, 'min_happiness': None, 'min_level': 37, 'needs_overworld_rain': False, 'party_species': None, 'party_type': None, 'region_id': None, 'relative_physical_stats': None, 'time_of_day': '', 'trade_species': None, 'trigger': {'name': 'level-up', 'url': 'https://pokeapi.co/api/v2/evolution-trigger/1/'}, 'turn_upside_down': False}",https://pokeapi.co/api/v2/evolution-chain/288
289,0,566,archen,567,archeops,generation-v,level-up,37,,,None,,"{'base_form_id': None, 'gender': None, 'held_item': None, 'item': None, 'known_move': None, 'known_move_type': None, 'location': None, 'min_affection': None, 'min_beauty': None, 'min_happiness': None, 'min_level': 37, 'needs_overworld_rain': False, 'party_species': None, 'party_type': None, 'region_id': None, 'relative_physical_stats': None, 'time_of_day': '', 'trade_species': None, 'trigger': {'name': 'level-up', 'url': 'https://pokeapi.co/api/v2/evolution-trigger/1/'}, 'turn_upside_down': False}",https://pokeapi.co/api/v2/evolution-chain/289
290,0,568,trubbish,569,garbodor,generation-v,level-up,36,,,None,,"{'base_form_id': None, 'gender': None, 'held_item': None, 'item': None, 'known_move': None, 'known_move_type': None, 'location': None, 'min_affection': None, 'min_beauty': None, 'min_happiness': None, 'min_level': 36, 'needs_overworld_rain': False, 'party_species': None, 'party_type': None, 'region_id': None, 'relative_physical_stats': None, 'time_of_day': '', 'trade_species': None, 'trigger': {'name': 'level-up', 'url': 'https://pokeapi.co/api/v2/evolution-trigger/1/'}, 'turn_upside_down': False}",https://pokeapi.co/api/v2/evolution-chain/290
291,0,570,zorua,571,zoroark,generation-v,level-up,30,,,None,,"{'base_form_id': None, 'gender': None, 'held_item': None, 'item': None, 'known_move': None, 'known_move_type': None, 'location': None, 'min_affection': None, 'min_beauty': None, 'min_happiness': None, 'min_level': 30, 'needs_overworld_rain': False, 'party_species': None, 'party_type': None, 'region_id': None, 'relative_physical_stats': None, 'time_of_day': '', 'trade_species': None, 'trigger': {'name': 'level-up', 'url': 'https://pokeapi.co/api/v2/evolution-trigger/1/'}, 'turn_upside_down': False}",https://pokeapi.co/api/v2/evolution-chain/291
292,0,572,minccino,573,cinccino,generation-v,use-item,None,shiny-stone,,None,,"{'base_form_id': None, 'gender': None, 'held_item': None, 'item': {'name': 'shiny-stone', 'url': 'https://pokeapi.co/api/v2/item/107/'}, 'known_move': None, 'known_move_type': None, 'location': None, 'min_affection': None, 'min_beauty': None, 'min_happiness': None, 'min_level': None, 'needs_overworld_rain': False, 'party_species': None, 'party_type': None, 'region_id': None, 'relative_physical_stats': None, 'time_of_day': '', 'trade_species': None, 'trigger': {'name': 'use-item', 'url': 'https://pokeapi.co/api/v2/evolution-trigger/3/'}, 'turn_upside_down': False}",https://pokeapi.co/api/v2/evolution-chain/292
293,0,574,gothita,575,gothorita,generation-v,level-up,32,,,None,,"{'base_form_id': None, 'gender': None, 'held_item': None, 'item': None, 'known_move': None, 'known_move_type': None, 'location': None, 'min_affection': None, 'min_beauty': None, 'min_happiness': None, 'min_level': 32, 'needs_overworld_rain': False, 'party_species': None, 'party_type': None, 'region_id': None, 'relative_physical_stats': None, 'time_of_day': '', 'trade_species': None, 'trigger': {'name': 'level-up', 'url': 'https://pokeapi.co/api/v2/evolution-trigger/1/'}, 'turn_upside_down': False}",https://pokeapi.co/api/v2/evolution-chain/293
293,1,575,gothorita,576,gothitelle,generation-v,level-up,41,,,None,,"{'base_form_id': None, 'gender': None, 'held_item': None, 'item': None, 'known_move': None, 'known_move_type': None, 'location': None, 'min_affection': None, 'min_beauty': None, 'min_happiness': None, 'min_level': 41, 'needs_overworld_rain': False, 'party_species': None, 'party_type': None, 'region_id': None, 'relative_physical_stats': None, 'time_of_day': '', 'trade_species': None, 'trigger': {'name': 'level-up', 'url': 'https://pokeapi.co/api/v2/evolution-trigger/1/'}, 'turn_upside_down': False}",https://pokeapi.co/api/v2/evolution-chain/293
294,0,577,solosis,578,duosion,generation-v,level-up,32,,,None,,"{'base_form_id': None, 'gender': None, 'held_item': None, 'item': None, 'known_move': None, 'known_move_type': None, 'location': None, 'min_affection': None, 'min_beauty': None, 'min_happiness': None, 'min_level': 32, 'needs_overworld_rain': False, 'party_species': None, 'party_type': None, 'region_id': None, 'relative_physical_stats': None, 'time_of_day': '', 'trade_species': None, 'trigger': {'name': 'level-up', 'url': 'https://pokeapi.co/api/v2/evolution-trigger/1/'}, 'turn_upside_down': False}",https://pokeapi.co/api/v2/evolution-chain/294
294,1,578,duosion,579,reuniclus,generation-v,level-up,41,,,None,,"{'base_form_id': None, 'gender': None, 'held_item': None, 'item': None, 'known_move': None, 'known_move_type': None, 'location': None, 'min_affection': None, 'min_beauty': None, 'min_happiness': None, 'min_level': 41, 'needs_overworld_rain': False, 'party_species': None, 'party_type': None, 'region_id': None, 'relative_physical_stats': None, 'time_of_day': '', 'trade_species': None, 'trigger': {'name': 'level-up', 'url': 'https://pokeapi.co/api/v2/evolution-trigger/1/'}, 'turn_upside_down': False}",https://pokeapi.co/api/v2/evolution-chain/294
295,0,580,ducklett,581,swanna,generation-v,level-up,35,,,None,,"{'base_form_id': None, 'gender': None, 'held_item': None, 'item': None, 'known_move': None, 'known_move_type': None, 'location': None, 'min_affection': None, 'min_beauty': None, 'min_happiness': None, 'min_level': 35, 'needs_overworld_rain': False, 'party_species': None, 'party_type': None, 'region_id': None, 'relative_physical_stats': None, 'time_of_day': '', 'trade_species': None, 'trigger': {'name': 'level-up', 'url': 'https://pokeapi.co/api/v2/evolution-trigger/1/'}, 'turn_upside_down': False}",https://pokeapi.co/api/v2/evolution-chain/295
296,0,582,vanillite,583,vanillish,generation-v,level-up,35,,,None,,"{'base_form_id': None, 'gender': None, 'held_item': None, 'item': None, 'known_move': None, 'known_move_type': None, 'location': None, 'min_affection': None, 'min_beauty': None, 'min_happiness': None, 'min_level': 35, 'needs_overworld_rain': False, 'party_species': None, 'party_type': None, 'region_id': None, 'relative_physical_stats': None, 'time_of_day': '', 'trade_species': None, 'trigger': {'name': 'level-up', 'url': 'https://pokeapi.co/api/v2/evolution-trigger/1/'}, 'turn_upside_down': False}",https://pokeapi.co/api/v2/evolution-chain/296
296,1,583,vanillish,584,vanilluxe,generation-v,level-up,47,,,None,,"{'base_form_id': None, 'gender': None, 'held_item': None, 'item': None, 'known_move': None, 'known_move_type': None, 'location': None, 'min_affection': None, 'min_beauty': None, 'min_happiness': None, 'min_level': 47, 'needs_overworld_rain': False, 'party_species': None, 'party_type': None, 'region_id': None, 'relative_physical_stats': None, 'time_of_day': '', 'trade_species': None, 'trigger': {'name': 'level-up', 'url': 'https://pokeapi.co/api/v2/evolution-trigger/1/'}, 'turn_upside_down': False}",https://pokeapi.co/api/v2/evolution-chain/296
297,0,585,deerling,586,sawsbuck,generation-v,level-up,34,,,None,,"{'base_form_id': None, 'gender': None, 'held_item': None, 'item': None, 'known_move': None, 'known_move_type': None, 'location': None, 'min_affection': None, 'min_beauty': None, 'min_happiness': None, 'min_level': 34, 'needs_overworld_rain': False, 'party_species': None, 'party_type': None, 'region_id': None, 'relative_physical_stats': None, 'time_of_day': '', 'trade_species': None, 'trigger': {'name': 'level-up', 'url': 'https://pokeapi.co/api/v2/evolution-trigger/1/'}, 'turn_upside_down': False}",https://pokeapi.co/api/v2/evolution-chain/297
299,0,588,karrablast,589,escavalier,generation-v,trade,None,,,None,,"{'base_form_id': None, 'gender': None, 'held_item': None, 'item': None, 'known_move': None, 'known_move_type': None, 'location': None, 'min_affection': None, 'min_beauty': None, 'min_happiness': None, 'min_level': None, 'needs_overworld_rain': False, 'party_species': None, 'party_type': None, 'region_id': None, 'relative_physical_stats': None, 'time_of_day': '', 'trade_species': {'name': 'shelmet', 'url': 'https://pokeapi.co/api/v2/pokemon-species/616/'}, 'trigger': {'name': 'trade', 'url': 'https://pokeapi.co/api/v2/evolution-trigger/2/'}, 'turn_upside_down': False}",https://pokeapi.co/api/v2/evolution-chain/299
300,0,590,foongus,591,amoonguss,generation-v,level-up,39,,,None,,"{'base_form_id': None, 'gender': None, 'held_item': None, 'item': None, 'known_move': None, 'known_move_type': None, 'location': None, 'min_affection': None, 'min_beauty': None, 'min_happiness': None, 'min_level': 39, 'needs_overworld_rain': False, 'party_species': None, 'party_type': None, 'region_id': None, 'relative_physical_stats': None, 'time_of_day': '', 'trade_species': None, 'trigger': {'name': 'level-up', 'url': 'https://pokeapi.co/api/v2/evolution-trigger/1/'}, 'turn_upside_down': False}",https://pokeapi.co/api/v2/evolution-chain/300
301,0,592,frillish,593,jellicent,generation-v,level-up,40,,,None,,"{'base_form_id': None, 'gender': None, 'held_item': None, 'item': None, 'known_move': None, 'known_move_type': None, 'location': None, 'min_affection': None, 'min_beauty': None, 'min_happiness': None, 'min_level': 40, 'needs_overworld_rain': False, 'party_species': None, 'party_type': None, 'region_id': None, 'relative_physical_stats': None, 'time_of_day': '', 'trade_species': None, 'trigger': {'name': 'level-up', 'url': 'https://pokeapi.co/api/v2/evolution-trigger/1/'}, 'turn_upside_down': False}",https://pokeapi.co/api/v2/evolution-chain/301
303,0,595,joltik,596,galvantula,generation-v,level-up,36,,,None,,"{'base_form_id': None, 'gender': None, 'held_item': None, 'item': None, 'known_move': None, 'known_move_type': None, 'location': None, 'min_affection': None, 'min_beauty': None, 'min_happiness': None, 'min_level': 36, 'needs_overworld_rain': False, 'party_species': None, 'party_type': None, 'region_id': None, 'relative_physical_stats': None, 'time_of_day': '', 'trade_species': None, 'trigger': {'name': 'level-up', 'url': 'https://pokeapi.co/api/v2/evolution-trigger/1/'}, 'turn_upside_down': False}",https://pokeapi.co/api/v2/evolution-chain/303
304,0,597,ferroseed,598,ferrothorn,generation-v,level-up,40,,,None,,"{'base_form_id': None, 'gender': None, 'held_item': None, 'item': None, 'known_move': None, 'known_move_type': None, 'location': None, 'min_affection': None, 'min_beauty': None, 'min_happiness': None, 'min_level': 40, 'needs_overworld_rain': False, 'party_species': None, 'party_type': None, 'region_id': None, 'relative_physical_stats': None, 'time_of_day': '', 'trade_species': None, 'trigger': {'name': 'level-up', 'url': 'https://pokeapi.co/api/v2/evolution-trigger/1/'}, 'turn_upside_down': False}",https://pokeapi.co/api/v2/evolution-chain/304
305,0,599,klink,600,klang,generation-v,level-up,38,,,None,,"{'base_form_id': None, 'gender': None, 'held_item': None, 'item': None, 'known_move': None, 'known_move_type': None, 'location': None, 'min_affection': None, 'min_beauty': None, 'min_happiness': None, 'min_level': 38, 'needs_overworld_rain': False, 'party_species': None, 'party_type': None, 'region_id': None, 'relative_physical_stats': None, 'time_of_day': '', 'trade_species': None, 'trigger': {'name': 'level-up', 'url': 'https://pokeapi.co/api/v2/evolution-trigger/1/'}, 'turn_upside_down': False}",https://pokeapi.co/api/v2/evolution-chain/305
305,1,600,klang,601,klinklang,generation-v,level-up,49,,,None,,"{'base_form_id': None, 'gender': None, 'held_item': None, 'item': None, 'known_move': None, 'known_move_type': None, 'location': None, 'min_affection': None, 'min_beauty': None, 'min_happiness': None, 'min_level': 49, 'needs_overworld_rain': False, 'party_species': None, 'party_type': None, 'region_id': None, 'relative_physical_stats': None, 'time_of_day': '', 'trade_species': None, 'trigger': {'name': 'level-up', 'url': 'https://pokeapi.co/api/v2/evolution-trigger/1/'}, 'turn_upside_down': False}",https://pokeapi.co/api/v2/evolution-chain/305
306,0,602,tynamo,603,eelektrik,generation-v,level-up,39,,,None,,"{'base_form_id': None, 'gender': None, 'held_item': None, 'item': None, 'known_move': None, 'known_move_type': None, 'location': None, 'min_affection': None, 'min_beauty': None, 'min_happiness': None, 'min_level': 39, 'needs_overworld_rain': False, 'party_species': None, 'party_type': None, 'region_id': None, 'relative_physical_stats': None, 'time_of_day': '', 'trade_species': None, 'trigger': {'name': 'level-up', 'url': 'https://pokeapi.co/api/v2/evolution-trigger/1/'}, 'turn_upside_down': False}",https://pokeapi.co/api/v2/evolution-chain/306
306,1,603,eelektrik,604,eelektross,generation-v,use-item,None,thunder-stone,,None,,"{'base_form_id': None, 'gender': None, 'held_item': None, 'item': {'name': 'thunder-stone', 'url': 'https://pokeapi.co/api/v2/item/83/'}, 'known_move': None, 'known_move_type': None, 'location': None, 'min_affection': None, 'min_beauty': None, 'min_happiness': None, 'min_level': None, 'needs_overworld_rain': False, 'party_species': None, 'party_type': None, 'region_id': None, 'relative_physical_stats': None, 'time_of_day': '', 'trade_species': None, 'trigger': {'name': 'use-item', 'url': 'https://pokeapi.co/api/v2/evolution-trigger/3/'}, 'turn_upside_down': False}",https://pokeapi.co/api/v2/evolution-chain/306
307,0,605,elgyem,606,beheeyem,generation-v,level-up,42,,,None,,"{'base_form_id': None, 'gender': None, 'held_item': None, 'item': None, 'known_move': None, 'known_move_type': None, 'location': None, 'min_affection': None, 'min_beauty': None, 'min_happiness': None, 'min_level': 42, 'needs_overworld_rain': False, 'party_species': None, 'party_type': None, 'region_id': None, 'relative_physical_stats': None, 'time_of_day': '', 'trade_species': None, 'trigger': {'name': 'level-up', 'url': 'https://pokeapi.co/api/v2/evolution-trigger/1/'}, 'turn_upside_down': False}",https://pokeapi.co/api/v2/evolution-chain/307
308,0,607,litwick,608,lampent,generation-v,level-up,41,,,None,,"{'base_form_id': None, 'gender': None, 'held_item': None, 'item': None, 'known_move': None, 'known_move_type': None, 'location': None, 'min_affection': None, 'min_beauty': None, 'min_happiness': None, 'min_level': 41, 'needs_overworld_rain': False, 'party_species': None, 'party_type': None, 'region_id': None, 'relative_physical_stats': None, 'time_of_day': '', 'trade_species': None, 'trigger': {'name': 'level-up', 'url': 'https://pokeapi.co/api/v2/evolution-trigger/1/'}, 'turn_upside_down': False}",https://pokeapi.co/api/v2/evolution-chain/308
308,1,608,lampent,609,chandelure,generation-v,use-item,None,dusk-stone,,None,,"{'base_form_id': None, 'gender': None, 'held_item': None, 'item': {'name': 'dusk-stone', 'url': 'https://pokeapi.co/api/v2/item/108/'}, 'known_move': None, 'known_move_type': None, 'location': None, 'min_affection': None, 'min_beauty': None, 'min_happiness': None, 'min_level': None, 'needs_overworld_rain': False, 'party_species': None, 'party_type': None, 'region_id': None, 'relative_physical_stats': None, 'time_of_day': '', 'trade_species': None, 'trigger': {'name': 'use-item', 'url': 'https://pokeapi.co/api/v2/evolution-trigger/3/'}, 'turn_upside_down': False}",https://pokeapi.co/api/v2/evolution-chain/308
309,0,610,axew,611,fraxure,generation-v,level-up,38,,,None,,"{'base_form_id': None, 'gender': None, 'held_item': None, 'item': None, 'known_move': None, 'known_move_type': None, 'location': None, 'min_affection': None, 'min_beauty': None, 'min_happiness': None, 'min_level': 38, 'needs_overworld_rain': False, 'party_species': None, 'party_type': None, 'region_id': None, 'relative_physical_stats': None, 'time_of_day': '', 'trade_species': None, 'trigger': {'name': 'level-up', 'url': 'https://pokeapi.co/api/v2/evolution-trigger/1/'}, 'turn_upside_down': False}",https://pokeapi.co/api/v2/evolution-chain/309
309,1,611,fraxure,612,haxorus,generation-v,level-up,48,,,None,,"{'base_form_id': None, 'gender': None, 'held_item': None, 'item': None, 'known_move': None, 'known_move_type': None, 'location': None, 'min_affection': None, 'min_beauty': None, 'min_happiness': None, 'min_level': 48, 'needs_overworld_rain': False, 'party_species': None, 'party_type': None, 'region_id': None, 'relative_physical_stats': None, 'time_of_day': '', 'trade_species': None, 'trigger': {'name': 'level-up', 'url': 'https://pokeapi.co/api/v2/evolution-trigger/1/'}, 'turn_upside_down': False}",https://pokeapi.co/api/v2/evolution-chain/309
310,0,613,cubchoo,614,beartic,generation-v,level-up,37,,,None,,"{'base_form_id': None, 'gender': None, 'held_item': None, 'item': None, 'known_move': None, 'known_move_type': None, 'location': None, 'min_affection': None, 'min_beauty': None, 'min_happiness': None, 'min_level': 37, 'needs_overworld_rain': False, 'party_species': None, 'party_type': None, 'region_id': None, 'relative_physical_stats': None, 'time_of_day': '', 'trade_species': None, 'trigger': {'name': 'level-up', 'url': 'https://pokeapi.co/api/v2/evolution-trigger/1/'}, 'turn_upside_down': False}",https://pokeapi.co/api/v2/evolution-chain/310
312,0,616,shelmet,617,accelgor,generation-v,trade,None,,,None,,"{'base_form_id': None, 'gender': None, 'held_item': None, 'item': None, 'known_move': None, 'known_move_type': None, 'location': None, 'min_affection': None, 'min_beauty': None, 'min_happiness': None, 'min_level': None, 'needs_overworld_rain': False, 'party_species': None, 'party_type': None, 'region_id': None, 'relative_physical_stats': None, 'time_of_day': '', 'trade_species': {'name': 'karrablast', 'url': 'https://pokeapi.co/api/v2/pokemon-species/588/'}, 'trigger': {'name': 'trade', 'url': 'https://pokeapi.co/api/v2/evolution-trigger/2/'}, 'turn_upside_down': False}",https://pokeapi.co/api/v2/evolution-chain/312
314,0,619,mienfoo,620,mienshao,generation-v,level-up,50,,,None,,"{'base_form_id': None, 'gender': None, 'held_item': None, 'item': None, 'known_move': None, 'known_move_type': None, 'location': None, 'min_affection': None, 'min_beauty': None, 'min_happiness': None, 'min_level': 50, 'needs_overworld_rain': False, 'party_species': None, 'party_type': None, 'region_id': None, 'relative_physical_stats': None, 'time_of_day': '', 'trade_species': None, 'trigger': {'name': 'level-up', 'url': 'https://pokeapi.co/api/v2/evolution-trigger/1/'}, 'turn_upside_down': False}",https://pokeapi.co/api/v2/evolution-chain/314
316,0,622,golett,623,golurk,generation-v,level-up,43,,,None,,"{'base_form_id': None, 'gender': None, 'held_item': None, 'item': None, 'known_move': None, 'known_move_type': None, 'location': None, 'min_affection': None, 'min_beauty': None, 'min_happiness': None, 'min_level': 43, 'needs_overworld_rain': False, 'party_species': None, 'party_type': None, 'region_id': None, 'relative_physical_stats': None, 'time_of_day': '', 'trade_species': None, 'trigger': {'name': 'level-up', 'url': 'https://pokeapi.co/api/v2/evolution-trigger/1/'}, 'turn_upside_down': False}",https://pokeapi.co/api/v2/evolution-chain/316
317,0,624,pawniard,625,bisharp,generation-v,level-up,52,,,None,,"{'base_form_id': None, 'gender': None, 'held_item': None, 'item': None, 'known_move': None, 'known_move_type': None, 'location': None, 'min_affection': None, 'min_beauty': None, 'min_happiness': None, 'min_level': 52, 'needs_overworld_rain': False, 'party_species': None, 'party_type': None, 'region_id': None, 'relative_physical_stats': None, 'time_of_day': '', 'trade_species': None, 'trigger': {'name': 'level-up', 'url': 'https://pokeapi.co/api/v2/evolution-trigger/1/'}, 'turn_upside_down': False}",https://pokeapi.co/api/v2/evolution-chain/317
317,1,625,bisharp,983,kingambit,generation-v,other,None,,,None,,"{'base_form_id': None, 'gender': None, 'held_item': None, 'item': None, 'known_move': None, 'known_move_type': None, 'location': None, 'min_affection': None, 'min_beauty': None, 'min_happiness': None, 'min_level': None, 'needs_overworld_rain': False, 'party_species': None, 'party_type': None, 'region_id': None, 'relative_physical_stats': None, 'time_of_day': '', 'trade_species': None, 'trigger': {'name': 'other', 'url': 'https://pokeapi.co/api/v2/evolution-trigger/10/'}, 'turn_upside_down': False}",https://pokeapi.co/api/v2/evolution-chain/317
319,0,627,rufflet,628,braviary,generation-v,level-up,54,,,None,,"{'base_form_id': None, 'gender': None, 'held_item': None, 'item': None, 'known_move': None, 'known_move_type': None, 'location': None, 'min_affection': None, 'min_beauty': None, 'min_happiness': None, 'min_level': 54, 'needs_overworld_rain': False, 'party_species': None, 'party_type': None, 'region_id': None, 'relative_physical_stats': None, 'time_of_day': '', 'trade_species': None, 'trigger': {'name': 'level-up', 'url': 'https://pokeapi.co/api/v2/evolution-trigger/1/'}, 'turn_upside_down': False}",https://pokeapi.co/api/v2/evolution-chain/319
320,0,629,vullaby,630,mandibuzz,generation-v,level-up,54,,,None,,"{'base_form_id': None, 'gender': None, 'held_item': None, 'item': None, 'known_move': None, 'known_move_type': None, 'location': None, 'min_affection': None, 'min_beauty': None, 'min_happiness': None, 'min_level': 54, 'needs_overworld_rain': False, 'party_species': None, 'party_type': None, 'region_id': None, 'relative_physical_stats': None, 'time_of_day': '', 'trade_species': None, 'trigger': {'name': 'level-up', 'url': 'https://pokeapi.co/api/v2/evolution-trigger/1/'}, 'turn_upside_down': False}",https://pokeapi.co/api/v2/evolution-chain/320
323,0,633,deino,634,zweilous,generation-v,level-up,50,,,None,,"{'base_form_id': None, 'gender': None, 'held_item': None, 'item': None, 'known_move': None, 'known_move_type': None, 'location': None, 'min_affection': None, 'min_beauty': None, 'min_happiness': None, 'min_level': 50, 'needs_overworld_rain': False, 'party_species': None, 'party_type': None, 'region_id': None, 'relative_physical_stats': None, 'time_of_day': '', 'trade_species': None, 'trigger': {'name': 'level-up', 'url': 'https://pokeapi.co/api/v2/evolution-trigger/1/'}, 'turn_upside_down': False}",https://pokeapi.co/api/v2/evolution-chain/323
323,1,634,zweilous,635,hydreigon,generation-v,level-up,64,,,None,,"{'base_form_id': None, 'gender': None, 'held_item': None, 'item': None, 'known_move': None, 'known_move_type': None, 'location': None, 'min_affection': None, 'min_beauty': None, 'min_happiness': None, 'min_level': 64, 'needs_overworld_rain': False, 'party_species': None, 'party_type': None, 'region_id': None, 'relative_physical_stats': None, 'time_of_day': '', 'trade_species': None, 'trigger': {'name': 'level-up', 'url': 'https://pokeapi.co/api/v2/evolution-trigger/1/'}, 'turn_upside_down': False}",https://pokeapi.co/api/v2/evolution-chain/323
324,0,636,larvesta,637,volcarona,generation-v,level-up,59,,,None,,"{'base_form_id': None, 'gender': None, 'held_item': None, 'item': None, 'known_move': None, 'known_move_type': None, 'location': None, 'min_affection': None, 'min_beauty': None, 'min_happiness': None, 'min_level': 59, 'needs_overworld_rain': False, 'party_species': None, 'party_type': None, 'region_id': None, 'relative_physical_stats': None, 'time_of_day': '', 'trade_species': None, 'trigger': {'name': 'level-up', 'url': 'https://pokeapi.co/api/v2/evolution-trigger/1/'}, 'turn_upside_down': False}",https://pokeapi.co/api/v2/evolution-chain/324
