id,name,image,splash_image,roles,positions,resource,range_type,gender,species,regions,release_year,release_patch,last_patch,difficulty,style,tags,sourceUrl
432,Bard,champions/Bard/images/Bard_icon.png,champions/Bard/images/Bard_splash.jpg,"['CATCHER', 'MAGE', 'SUPPORT']",SUPPORT,Mana,Ranged,,,"unaffiliated, unaffiliated",2015,5.5,25.12,9,,"Support, Mage",https://raw.communitydragon.org/latest/plugins/rcp-be-lol-game-data/global/default/v1/champion-icons/432.png
523,Aphelios,champions/Aphelios/images/Aphelios_icon.png,champions/Aphelios/images/Aphelios_splash.jpg,['MARKSMAN'],BOTTOM,Mana,Ranged,,,"mount-targon, mount-targon",2019,9.24,25.12,10,,Marksman,https://raw.communitydragon.org/latest/plugins/rcp-be-lol-game-data/global/default/v1/champion-icons/523.png
164,Camille,champions/Camille/images/Camille_icon.png,champions/Camille/images/Camille_splash.jpg,"['ASSASSIN', 'DIVER', 'FIGHTER']","SUPPORT, TOP",Mana,Melee,,,"piltover, piltover",2016,6.24,14.21,4,,"Fighter, Assassin",https://raw.communitydragon.org/latest/plugins/rcp-be-lol-game-data/global/default/v1/champion-icons/164.png
12,Alistar,champions/Alistar/images/Alistar_icon.png,champions/Alistar/images/Alistar_splash.jpg,"['SUPPORT', 'TANK', 'VANGUARD']",SUPPORT,Mana,Melee,,,"unaffiliated, unaffiliated",2009,Alpha Week 2,25.15,7,,"Tank, Support",https://raw.communitydragon.org/latest/plugins/rcp-be-lol-game-data/global/default/v1/champion-icons/12.png
60,Elise,champions/Elise/images/Elise_icon.png,champions/Elise/images/Elise_splash.jpg,"['ASSASSIN', 'DIVER', 'MAGE']",JUNGLE,Mana,Ranged,,,"shadow-isles, shadow-isles",2012,1.0.0.150,25.14,9,,"Assassin, Mage",https://raw.communitydragon.org/latest/plugins/rcp-be-lol-game-data/global/default/v1/champion-icons/60.png
28,Evelynn,champions/Evelynn/images/Evelynn_icon.png,champions/Evelynn/images/Evelynn_splash.jpg,"['ASSASSIN', 'MAGE']",JUNGLE,Mana,Melee,,,"unaffiliated, unaffiliated",2009,"May 1, 2009 Patch",25.14,10,,"Assassin, Mage",https://raw.communitydragon.org/latest/plugins/rcp-be-lol-game-data/global/default/v1/champion-icons/28.png
53,Blitzcrank,champions/Blitzcrank/images/Blitzcrank_icon.png,champions/Blitzcrank/images/Blitzcrank_splash.jpg,"['CATCHER', 'SUPPORT', 'TANK']",SUPPORT,Mana,Melee,,,"zaun, zaun",2009,0.9.22.16,25.08,4,,"Tank, Support",https://raw.communitydragon.org/latest/plugins/rcp-be-lol-game-data/global/default/v1/champion-icons/53.png
268,Azir,champions/Azir/images/Azir_icon.png,champions/Azir/images/Azir_splash.jpg,"['MAGE', 'MARKSMAN', 'SPECIALIST']",MIDDLE,Mana,Ranged,,,"shurima, shurima",2014,4.16,25.14,9,,"Mage, Marksman",https://raw.communitydragon.org/latest/plugins/rcp-be-lol-game-data/global/default/v1/champion-icons/268.png
41,Gangplank,champions/Gangplank/images/Gangplank_icon.png,champions/Gangplank/images/Gangplank_splash.jpg,"['FIGHTER', 'SPECIALIST']",TOP,Mana,Melee,,,"bilgewater, bilgewater",2009,0.9.22.15,25.14,9,,Fighter,https://raw.communitydragon.org/latest/plugins/rcp-be-lol-game-data/global/default/v1/champion-icons/41.png
136,Aurelion Sol,champions/AurelionSol/images/AurelionSol_icon.png,champions/AurelionSol/images/AurelionSol_splash.jpg,"['BATTLEMAGE', 'MAGE']",MIDDLE,Mana,Ranged,,,"unaffiliated, unaffiliated",2016,6.6,25.12,7,,Mage,https://raw.communitydragon.org/latest/plugins/rcp-be-lol-game-data/global/default/v1/champion-icons/136.png
266,Aatrox,champions/Aatrox/images/Aatrox_icon.png,champions/Aatrox/images/Aatrox_splash.jpg,"['FIGHTER', 'JUGGERNAUT', 'TANK']",TOP,Blood Well,Melee,,Darkin,"unaffiliated, unaffiliated",2013,3.8,25.12,4,,Fighter,https://raw.communitydragon.org/latest/plugins/rcp-be-lol-game-data/global/default/v1/champion-icons/266.png
233,Briar,champions/Briar/images/Briar_icon.png,champions/Briar/images/Briar_splash.jpg,"['ASSASSIN', 'DIVER', 'FIGHTER']",JUNGLE,Frenzy,Melee,,,"noxus, noxus",2023,13.18,25.14,3,,"Fighter, Assassin",https://raw.communitydragon.org/latest/plugins/rcp-be-lol-game-data/global/default/v1/champion-icons/233.png
114,Fiora,champions/Fiora/images/Fiora_icon.png,champions/Fiora/images/Fiora_splash.jpg,"['ASSASSIN', 'FIGHTER', 'SKIRMISHER']",TOP,Mana,Melee,,,"demacia, demacia",2012,1.0.0.135,25.14,3,,"Fighter, Assassin",https://raw.communitydragon.org/latest/plugins/rcp-be-lol-game-data/global/default/v1/champion-icons/114.png
131,Diana,champions/Diana/images/Diana_icon.png,champions/Diana/images/Diana_splash.jpg,"['ASSASSIN', 'DIVER', 'FIGHTER']","JUNGLE, MIDDLE",Mana,Melee,,,"mount-targon, mount-targon",2012,1.0.0.144,25.11,4,,"Fighter, Assassin",https://raw.communitydragon.org/latest/plugins/rcp-be-lol-game-data/global/default/v1/champion-icons/131.png
51,Caitlyn,champions/Caitlyn/images/Caitlyn_icon.png,champions/Caitlyn/images/Caitlyn_splash.jpg,['MARKSMAN'],BOTTOM,Mana,Ranged,,,"piltover, piltover",2011,1.0.0.108,25.06,6,,Marksman,https://raw.communitydragon.org/latest/plugins/rcp-be-lol-game-data/global/default/v1/champion-icons/51.png
32,Amumu,champions/Amumu/images/Amumu_icon.png,champions/Amumu/images/Amumu_splash.jpg,"['SUPPORT', 'TANK', 'VANGUARD']","JUNGLE, SUPPORT",Mana,Melee,,,"shurima, shurima",2009,"June 26, 2009 Patch",14.9,3,,"Tank, Support",https://raw.communitydragon.org/latest/plugins/rcp-be-lol-game-data/global/default/v1/champion-icons/32.png
200,Bel'Veth,champions/Belveth/images/Belveth_icon.png,champions/Belveth/images/Belveth_splash.jpg,"['FIGHTER', 'SKIRMISHER']",JUNGLE,None,Melee,,,"void, void",2022,12.11,25.15,10,,Fighter,https://raw.communitydragon.org/latest/plugins/rcp-be-lol-game-data/global/default/v1/champion-icons/200.png
202,Jhin,champions/Jhin/images/Jhin_icon.png,champions/Jhin/images/Jhin_splash.jpg,"['CATCHER', 'MAGE', 'MARKSMAN']",BOTTOM,Mana,Ranged,,,"ionia, ionia",2016,6.2,25.14,6,,"Marksman, Mage",https://raw.communitydragon.org/latest/plugins/rcp-be-lol-game-data/global/default/v1/champion-icons/202.png
245,Ekko,champions/Ekko/images/Ekko_icon.png,champions/Ekko/images/Ekko_splash.jpg,"['ASSASSIN', 'MAGE']","JUNGLE, MIDDLE",Mana,Melee,,,"zaun, zaun",2015,5.10,25.04,8,,"Assassin, Mage",https://raw.communitydragon.org/latest/plugins/rcp-be-lol-game-data/global/default/v1/champion-icons/245.png
36,Dr. Mundo,champions/DrMundo/images/DrMundo_icon.png,champions/DrMundo/images/DrMundo_splash.jpg,"['FIGHTER', 'JUGGERNAUT', 'TANK']",TOP,Health,Melee,,,"zaun, zaun",2009,0.9.22.16,25.05,5,,"Tank, Fighter",https://raw.communitydragon.org/latest/plugins/rcp-be-lol-game-data/global/default/v1/champion-icons/36.png
84,Akali,champions/Akali/images/Akali_icon.png,champions/Akali/images/Akali_splash.jpg,['ASSASSIN'],"MIDDLE, TOP",Energy,Melee,,,"ionia, ionia",2010,1.0.0.85,25.12,7,,Assassin,https://raw.communitydragon.org/latest/plugins/rcp-be-lol-game-data/global/default/v1/champion-icons/84.png
105,Fizz,champions/Fizz/images/Fizz_icon.png,champions/Fizz/images/Fizz_splash.jpg,"['ASSASSIN', 'FIGHTER']",MIDDLE,Mana,Melee,,,"unaffiliated, unaffiliated",2011,1.0.0.129,25.14,6,,"Assassin, Fighter",https://raw.communitydragon.org/latest/plugins/rcp-be-lol-game-data/global/default/v1/champion-icons/105.png
799,Ambessa,champions/Ambessa/images/Ambessa_icon.png,champions/Ambessa/images/Ambessa_splash.jpg,"['ASSASSIN', 'DIVER', 'FIGHTER', 'SKIRMISHER']",TOP,Energy,Melee,,,"noxus, noxus",2024,14.22,25.11,10,,"Fighter, Assassin",https://raw.communitydragon.org/latest/plugins/rcp-be-lol-game-data/global/default/v1/champion-icons/799.png
887,Gwen,champions/Gwen/images/Gwen_icon.png,champions/Gwen/images/Gwen_splash.jpg,"['ASSASSIN', 'FIGHTER', 'SKIRMISHER']","JUNGLE, TOP",Mana,Melee,,,"shadow-isles, shadow-isles",2021,11.8,25.12,5,,Fighter,https://raw.communitydragon.org/latest/plugins/rcp-be-lol-game-data/global/default/v1/champion-icons/887.png
427,Ivern,champions/Ivern/images/Ivern_icon.png,champions/Ivern/images/Ivern_splash.jpg,"['CATCHER', 'MAGE', 'SUPPORT']",JUNGLE,Mana,Ranged,,,"ionia, ionia",2016,6.20,25.12,7,,"Support, Mage",https://raw.communitydragon.org/latest/plugins/rcp-be-lol-game-data/global/default/v1/champion-icons/427.png
3,Galio,champions/Galio/images/Galio_icon.png,champions/Galio/images/Galio_splash.jpg,"['MAGE', 'TANK', 'WARDEN']","MIDDLE, SUPPORT",Mana,Melee,,,"demacia, demacia",2010,1.0.0.98,25.03,5,,"Tank, Mage",https://raw.communitydragon.org/latest/plugins/rcp-be-lol-game-data/global/default/v1/champion-icons/3.png
79,Gragas,champions/Gragas/images/Gragas_icon.png,champions/Gragas/images/Gragas_splash.jpg,"['FIGHTER', 'MAGE', 'VANGUARD']","JUNGLE, MIDDLE, TOP",Mana,Melee,,,"freljord, freljord",2010,1.0.0.72,25.09,5,,"Fighter, Mage",https://raw.communitydragon.org/latest/plugins/rcp-be-lol-game-data/global/default/v1/champion-icons/79.png
429,Kalista,champions/Kalista/images/Kalista_icon.png,champions/Kalista/images/Kalista_splash.jpg,['MARKSMAN'],BOTTOM,Mana,Ranged,,,"shadow-isles, shadow-isles",2014,4.20,25.12,7,,Marksman,https://raw.communitydragon.org/latest/plugins/rcp-be-lol-game-data/global/default/v1/champion-icons/429.png
22,Ashe,champions/Ashe/images/Ashe_icon.png,champions/Ashe/images/Ashe_splash.jpg,"['MARKSMAN', 'SUPPORT']","BOTTOM, SUPPORT",Mana,Ranged,,,"freljord, freljord",2009,Alpha Week 2,25.11,4,,"Marksman, Support",https://raw.communitydragon.org/latest/plugins/rcp-be-lol-game-data/global/default/v1/champion-icons/22.png
38,Kassadin,champions/Kassadin/images/Kassadin_icon.png,champions/Kassadin/images/Kassadin_splash.jpg,"['ASSASSIN', 'MAGE']",MIDDLE,Mana,Melee,,,"void, void",2009,0.9.22.7,25.11,8,,"Assassin, Mage",https://raw.communitydragon.org/latest/plugins/rcp-be-lol-game-data/global/default/v1/champion-icons/38.png
74,Heimerdinger,champions/Heimerdinger/images/Heimerdinger_icon.png,champions/Heimerdinger/images/Heimerdinger_splash.jpg,"['MAGE', 'SPECIALIST', 'SUPPORT']","MIDDLE, SUPPORT, TOP",Mana,Ranged,,,"piltover, piltover",2009,0.9.25.34,25.14,8,,"Mage, Support",https://raw.communitydragon.org/latest/plugins/rcp-be-lol-game-data/global/default/v1/champion-icons/74.png
240,Kled,champions/Kled/images/Kled_icon.png,champions/Kled/images/Kled_splash.jpg,"['FIGHTER', 'SKIRMISHER', 'TANK']",TOP,Courage,Melee,,,"noxus, noxus",2016,6.16,25.15,7,,Fighter,https://raw.communitydragon.org/latest/plugins/rcp-be-lol-game-data/global/default/v1/champion-icons/240.png
120,Hecarim,champions/Hecarim/images/Hecarim_icon.png,champions/Hecarim/images/Hecarim_splash.jpg,"['DIVER', 'FIGHTER', 'TANK']",JUNGLE,Mana,Melee,,,"shadow-isles, shadow-isles",2012,1.0.0.138,14.24,6,,"Fighter, Tank",https://raw.communitydragon.org/latest/plugins/rcp-be-lol-game-data/global/default/v1/champion-icons/120.png
910,Hwei,champions/Hwei/images/Hwei_icon.png,champions/Hwei/images/Hwei_splash.jpg,"['ARTILLERY', 'MAGE', 'SUPPORT']","MIDDLE, SUPPORT",Mana,Ranged,,,"ionia, ionia",2023,13.24,25.13,9,,"Mage, Support",https://raw.communitydragon.org/latest/plugins/rcp-be-lol-game-data/global/default/v1/champion-icons/910.png
42,Corki,champions/Corki/images/Corki_icon.png,champions/Corki/images/Corki_splash.jpg,"['MAGE', 'MARKSMAN']",MIDDLE,Mana,Ranged,,,"bandle-city, bandle-city",2009,0.9.25.21,25.15,6,,"Marksman, Mage",https://raw.communitydragon.org/latest/plugins/rcp-be-lol-game-data/global/default/v1/champion-icons/42.png
59,Jarvan IV,champions/JarvanIV/images/JarvanIV_icon.png,champions/JarvanIV/images/JarvanIV_splash.jpg,"['DIVER', 'FIGHTER', 'TANK']",JUNGLE,Mana,Melee,,,"demacia, demacia",2011,1.0.0.112,25.06,5,,"Fighter, Tank",https://raw.communitydragon.org/latest/plugins/rcp-be-lol-game-data/global/default/v1/champion-icons/59.png
99,Lux,champions/Lux/images/Lux_icon.png,champions/Lux/images/Lux_splash.jpg,"['ARTILLERY', 'BURST', 'MAGE', 'SUPPORT']","MIDDLE, SUPPORT",Mana,Ranged,,,"demacia, demacia",2010,1.0.0.103,14.10,5,,"Mage, Support",https://raw.communitydragon.org/latest/plugins/rcp-be-lol-game-data/global/default/v1/champion-icons/99.png
63,Brand,champions/Brand/images/Brand_icon.png,champions/Brand/images/Brand_splash.jpg,"['BURST', 'MAGE', 'SUPPORT']","JUNGLE, MIDDLE, SUPPORT",Mana,Ranged,,,"unaffiliated, unaffiliated",2011,1.0.0.115,25.12,4,,"Mage, Support",https://raw.communitydragon.org/latest/plugins/rcp-be-lol-game-data/global/default/v1/champion-icons/63.png
43,Karma,champions/Karma/images/Karma_icon.png,champions/Karma/images/Karma_splash.jpg,"['BURST', 'ENCHANTER', 'MAGE', 'SUPPORT']","MIDDLE, SUPPORT, TOP",Mana,Ranged,,,"ionia, ionia",2011,1.0.0.110,25.13,5,,"Mage, Support",https://raw.communitydragon.org/latest/plugins/rcp-be-lol-game-data/global/default/v1/champion-icons/43.png
85,Kennen,champions/Kennen/images/Kennen_icon.png,champions/Kennen/images/Kennen_splash.jpg,"['MAGE', 'MARKSMAN', 'SPECIALIST']",TOP,Energy,Ranged,,,"ionia, ionia",2010,1.0.0.82,25.14,4,,Mage,https://raw.communitydragon.org/latest/plugins/rcp-be-lol-game-data/global/default/v1/champion-icons/85.png
1,Annie,champions/Annie/images/Annie_icon.png,champions/Annie/images/Annie_splash.jpg,"['BURST', 'MAGE', 'SUPPORT']",MIDDLE,Mana,Ranged,,,"unaffiliated, unaffiliated",2009,Alpha Week 2,25.11,6,,"Mage, Support",https://raw.communitydragon.org/latest/plugins/rcp-be-lol-game-data/global/default/v1/champion-icons/1.png
126,Jayce,champions/Jayce/images/Jayce_icon.png,champions/Jayce/images/Jayce_splash.jpg,"['ARTILLERY', 'FIGHTER', 'MARKSMAN']","MIDDLE, TOP",Mana,Ranged,,,"piltover, piltover",2012,1.0.0.142,25.14,7,,"Fighter, Marksman",https://raw.communitydragon.org/latest/plugins/rcp-be-lol-game-data/global/default/v1/champion-icons/126.png
40,Janna,champions/Janna/images/Janna_icon.png,champions/Janna/images/Janna_splash.jpg,"['ENCHANTER', 'MAGE', 'SUPPORT']",SUPPORT,Mana,Ranged,,,"zaun, zaun",2009,0.9.22.16,14.20,7,,"Support, Mage",https://raw.communitydragon.org/latest/plugins/rcp-be-lol-game-data/global/default/v1/champion-icons/40.png
897,K'Sante,champions/KSante/images/KSante_icon.png,champions/KSante/images/KSante_splash.jpg,"['FIGHTER', 'SKIRMISHER', 'TANK', 'WARDEN']",TOP,Mana,Melee,,,"shurima, shurima",2022,12.21,25.11,9,,"Tank, Fighter",https://raw.communitydragon.org/latest/plugins/rcp-be-lol-game-data/global/default/v1/champion-icons/897.png
201,Braum,champions/Braum/images/Braum_icon.png,champions/Braum/images/Braum_splash.jpg,"['SUPPORT', 'TANK', 'WARDEN']",SUPPORT,Mana,Melee,,,"freljord, freljord",2014,4.7,25.15,3,,"Tank, Support",https://raw.communitydragon.org/latest/plugins/rcp-be-lol-game-data/global/default/v1/champion-icons/201.png
876,Lillia,champions/Lillia/images/Lillia_icon.png,champions/Lillia/images/Lillia_splash.jpg,"['FIGHTER', 'MAGE', 'SKIRMISHER']",JUNGLE,Mana,Melee,,,"ionia, ionia",2020,10.15,25.07,8,,"Fighter, Mage",https://raw.communitydragon.org/latest/plugins/rcp-be-lol-game-data/global/default/v1/champion-icons/876.png
141,Kayn,champions/Kayn/images/Kayn_icon.png,champions/Kayn/images/Kayn_splash.jpg,"['ASSASSIN', 'FIGHTER', 'SKIRMISHER']",JUNGLE,Mana,Melee,,Darkin,"ionia, ionia",2017,7.14,25.10,8,,"Fighter, Assassin",https://raw.communitydragon.org/latest/plugins/rcp-be-lol-game-data/global/default/v1/champion-icons/141.png
57,Maokai,champions/Maokai/images/Maokai_icon.png,champions/Maokai/images/Maokai_splash.jpg,"['SUPPORT', 'TANK', 'VANGUARD']","JUNGLE, SUPPORT",Mana,Melee,,,"shadow-isles, shadow-isles",2011,1.0.0.111,14.22,3,,"Tank, Support",https://raw.communitydragon.org/latest/plugins/rcp-be-lol-game-data/global/default/v1/champion-icons/57.png
30,Karthus,champions/Karthus/images/Karthus_icon.png,champions/Karthus/images/Karthus_splash.jpg,"['BATTLEMAGE', 'MAGE']",JUNGLE,Mana,Ranged,,,"shadow-isles, shadow-isles",2009,"June 12, 2009 Patch",14.24,7,,Mage,https://raw.communitydragon.org/latest/plugins/rcp-be-lol-game-data/global/default/v1/champion-icons/30.png
800,Mel,champions/Mel/images/Mel_icon.png,champions/Mel/images/Mel_splash.jpg,"['ARTILLERY', 'MAGE', 'SUPPORT']","MIDDLE, SUPPORT",Mana,Ranged,,,"noxus, noxus",2025,25.02,25.14,5,,"Mage, Support",https://raw.communitydragon.org/latest/plugins/rcp-be-lol-game-data/global/default/v1/champion-icons/800.png
222,Jinx,champions/Jinx/images/Jinx_icon.png,champions/Jinx/images/Jinx_splash.jpg,['MARKSMAN'],BOTTOM,Mana,Ranged,,,"zaun, zaun",2013,3.12,25.06,6,,Marksman,https://raw.communitydragon.org/latest/plugins/rcp-be-lol-game-data/global/default/v1/champion-icons/222.png
145,Kai'Sa,champions/Kaisa/images/Kaisa_icon.png,champions/Kaisa/images/Kaisa_splash.jpg,"['MAGE', 'MARKSMAN']",BOTTOM,Mana,Ranged,,,"void, void",2018,8.5,25.14,6,,"Marksman, Mage",https://raw.communitydragon.org/latest/plugins/rcp-be-lol-game-data/global/default/v1/champion-icons/145.png
11,Master Yi,champions/MasterYi/images/MasterYi_icon.png,champions/MasterYi/images/MasterYi_splash.jpg,"['ASSASSIN', 'FIGHTER', 'SKIRMISHER']",JUNGLE,Mana,Melee,,,"ionia, ionia",2009,Alpha Week 2,25.15,4,,"Fighter, Assassin",https://raw.communitydragon.org/latest/plugins/rcp-be-lol-game-data/global/default/v1/champion-icons/11.png
121,Kha'Zix,champions/Khazix/images/Khazix_icon.png,champions/Khazix/images/Khazix_splash.jpg,['ASSASSIN'],JUNGLE,Mana,Melee,,,"void, void",2012,1.0.0.148,25.06,6,,Assassin,https://raw.communitydragon.org/latest/plugins/rcp-be-lol-game-data/global/default/v1/champion-icons/121.png
96,Kog'Maw,champions/KogMaw/images/KogMaw_icon.png,champions/KogMaw/images/KogMaw_splash.jpg,"['MAGE', 'MARKSMAN']",BOTTOM,Mana,Ranged,,,"void, void",2010,1.0.0.94,25.04,6,,"Marksman, Mage",https://raw.communitydragon.org/latest/plugins/rcp-be-lol-game-data/global/default/v1/champion-icons/96.png
34,Anivia,champions/Anivia/images/Anivia_icon.png,champions/Anivia/images/Anivia_splash.jpg,"['BATTLEMAGE', 'MAGE', 'SUPPORT']",MIDDLE,Mana,Ranged,,,"freljord, freljord",2009,"July 10, 2009 Patch",25.13,10,,Mage,https://raw.communitydragon.org/latest/plugins/rcp-be-lol-game-data/global/default/v1/champion-icons/34.png
54,Malphite,champions/Malphite/images/Malphite_icon.png,champions/Malphite/images/Malphite_splash.jpg,"['MAGE', 'TANK', 'VANGUARD']","MIDDLE, SUPPORT, TOP",Mana,Melee,,,"ixtal, ixtal",2009,0.9.22.16,14.21,2,,"Tank, Mage",https://raw.communitydragon.org/latest/plugins/rcp-be-lol-game-data/global/default/v1/champion-icons/54.png
236,Lucian,champions/Lucian/images/Lucian_icon.png,champions/Lucian/images/Lucian_splash.jpg,"['ASSASSIN', 'MARKSMAN']",BOTTOM,Mana,Ranged,,,"unaffiliated, unaffiliated",2013,3.10a,25.11,6,,"Marksman, Assassin",https://raw.communitydragon.org/latest/plugins/rcp-be-lol-game-data/global/default/v1/champion-icons/236.png
166,Akshan,champions/Akshan/images/Akshan_icon.png,champions/Akshan/images/Akshan_splash.jpg,"['ASSASSIN', 'MARKSMAN']",MIDDLE,Mana,Ranged,,,"shurima, shurima",2021,11.15,14.22,0,,"Marksman, Assassin",https://raw.communitydragon.org/latest/plugins/rcp-be-lol-game-data/global/default/v1/champion-icons/166.png
76,Nidalee,champions/Nidalee/images/Nidalee_icon.png,champions/Nidalee/images/Nidalee_splash.jpg,"['ASSASSIN', 'MAGE', 'SPECIALIST']",JUNGLE,Mana,Ranged,,,"ixtal, ixtal",2009,1.0.0.63,25.14,8,,"Assassin, Mage",https://raw.communitydragon.org/latest/plugins/rcp-be-lol-game-data/global/default/v1/champion-icons/76.png
117,Lulu,champions/Lulu/images/Lulu_icon.png,champions/Lulu/images/Lulu_splash.jpg,"['ENCHANTER', 'MAGE', 'SUPPORT']",SUPPORT,Mana,Ranged,,,"bandle-city, bandle-city",2012,1.0.0.136,25.14,5,,"Support, Mage",https://raw.communitydragon.org/latest/plugins/rcp-be-lol-game-data/global/default/v1/champion-icons/117.png
7,LeBlanc,champions/Leblanc/images/Leblanc_icon.png,champions/Leblanc/images/Leblanc_splash.jpg,"['ASSASSIN', 'BURST', 'MAGE']",MIDDLE,Mana,Ranged,,,"noxus, noxus",2010,1.0.0.104,25.12,9,,"Assassin, Mage",https://raw.communitydragon.org/latest/plugins/rcp-be-lol-game-data/global/default/v1/champion-icons/7.png
103,Ahri,champions/Ahri/images/Ahri_icon.png,champions/Ahri/images/Ahri_splash.jpg,"['ASSASSIN', 'BURST', 'MAGE']",MIDDLE,Mana,Ranged,,Vastaya,"ionia, ionia",2011,1.0.0.131,25.13,5,,"Mage, Assassin",https://raw.communitydragon.org/latest/plugins/rcp-be-lol-game-data/global/default/v1/champion-icons/103.png
127,Lissandra,champions/Lissandra/images/Lissandra_icon.png,champions/Lissandra/images/Lissandra_splash.jpg,"['BURST', 'MAGE']",MIDDLE,Mana,Ranged,,,"freljord, freljord",2013,3.6,25.06,6,,Mage,https://raw.communitydragon.org/latest/plugins/rcp-be-lol-game-data/global/default/v1/champion-icons/127.png
420,Illaoi,champions/Illaoi/images/Illaoi_icon.png,champions/Illaoi/images/Illaoi_splash.jpg,"['FIGHTER', 'JUGGERNAUT', 'TANK']",TOP,Mana,Melee,,,"bilgewater, bilgewater",2015,5.23,25.15,4,,"Fighter, Tank",https://raw.communitydragon.org/latest/plugins/rcp-be-lol-game-data/global/default/v1/champion-icons/420.png
104,Graves,champions/Graves/images/Graves_icon.png,champions/Graves/images/Graves_splash.jpg,"['MARKSMAN', 'SPECIALIST']",JUNGLE,Mana,Ranged,,,"bilgewater, bilgewater",2011,1.0.0.127,25.14,3,,Marksman,https://raw.communitydragon.org/latest/plugins/rcp-be-lol-game-data/global/default/v1/champion-icons/104.png
82,Mordekaiser,champions/Mordekaiser/images/Mordekaiser_icon.png,champions/Mordekaiser/images/Mordekaiser_splash.jpg,"['FIGHTER', 'JUGGERNAUT', 'MAGE']",TOP,Shield,Melee,,,"noxus, noxus",2010,1.0.0.75,25.12,4,,"Fighter, Mage",https://raw.communitydragon.org/latest/plugins/rcp-be-lol-game-data/global/default/v1/champion-icons/82.png
75,Nasus,champions/Nasus/images/Nasus_icon.png,champions/Nasus/images/Nasus_splash.jpg,"['FIGHTER', 'JUGGERNAUT', 'TANK']",TOP,Mana,Melee,,,"shurima, shurima",2009,0.9.25.24,25.03,6,,"Fighter, Tank",https://raw.communitydragon.org/latest/plugins/rcp-be-lol-game-data/global/default/v1/champion-icons/75.png
25,Morgana,champions/Morgana/images/Morgana_icon.png,champions/Morgana/images/Morgana_splash.jpg,"['CATCHER', 'MAGE', 'SUPPORT']",SUPPORT,Mana,Ranged,,,"demacia, demacia",2009,Alpha Week 2,25.09,1,,"Support, Mage",https://raw.communitydragon.org/latest/plugins/rcp-be-lol-game-data/global/default/v1/champion-icons/25.png
902,Milio,champions/Milio/images/Milio_icon.png,champions/Milio/images/Milio_splash.jpg,"['ENCHANTER', 'MAGE', 'SUPPORT']",SUPPORT,Mana,Ranged,,,"ixtal, ixtal",2023,13.6,25.13,5,,"Support, Mage",https://raw.communitydragon.org/latest/plugins/rcp-be-lol-game-data/global/default/v1/champion-icons/902.png
111,Nautilus,champions/Nautilus/images/Nautilus_icon.png,champions/Nautilus/images/Nautilus_splash.jpg,"['SUPPORT', 'TANK', 'VANGUARD']",SUPPORT,Mana,Melee,,,"bilgewater, bilgewater",2012,1.0.0.134,25.04,6,,"Tank, Support",https://raw.communitydragon.org/latest/plugins/rcp-be-lol-game-data/global/default/v1/champion-icons/111.png
31,Cho'Gath,champions/Chogath/images/Chogath_icon.png,champions/Chogath/images/Chogath_splash.jpg,"['MAGE', 'SPECIALIST', 'TANK']",TOP,Mana,Melee,,,"void, void",2009,"June 26, 2009 Patch",25.11,5,,"Tank, Mage",https://raw.communitydragon.org/latest/plugins/rcp-be-lol-game-data/global/default/v1/champion-icons/31.png
518,Neeko,champions/Neeko/images/Neeko_icon.png,champions/Neeko/images/Neeko_splash.jpg,"['BURST', 'CATCHER', 'MAGE', 'SUPPORT']","MIDDLE, SUPPORT",Mana,Ranged,,Vastaya,"ixtal, ixtal",2018,8.24,25.14,5,,"Mage, Support",https://raw.communitydragon.org/latest/plugins/rcp-be-lol-game-data/global/default/v1/champion-icons/518.png
69,Cassiopeia,champions/Cassiopeia/images/Cassiopeia_icon.png,champions/Cassiopeia/images/Cassiopeia_splash.jpg,"['BATTLEMAGE', 'MAGE']",MIDDLE,Mana,Ranged,,,"noxus, noxus",2010,1.0.0.107,25.03,10,,Mage,https://raw.communitydragon.org/latest/plugins/rcp-be-lol-game-data/global/default/v1/champion-icons/69.png
20,Nunu & Willump,champions/Nunu/images/Nunu_icon.png,champions/Nunu/images/Nunu_splash.jpg,"['MAGE', 'TANK', 'VANGUARD']",JUNGLE,Mana,Melee,,,"freljord, freljord",2009,Alpha Week 2,25.09,4,,"Tank, Mage",https://raw.communitydragon.org/latest/plugins/rcp-be-lol-game-data/global/default/v1/champion-icons/20.png
119,Draven,champions/Draven/images/Draven_icon.png,champions/Draven/images/Draven_splash.jpg,['MARKSMAN'],BOTTOM,Mana,Ranged,,,"noxus, noxus",2012,1.0.0.140b,25.06,8,,Marksman,https://raw.communitydragon.org/latest/plugins/rcp-be-lol-game-data/global/default/v1/champion-icons/119.png
9,Fiddlesticks,champions/Fiddlesticks/images/Fiddlesticks_icon.png,champions/Fiddlesticks/images/Fiddlesticks_splash.jpg,"['MAGE', 'SPECIALIST', 'SUPPORT']",JUNGLE,Mana,Ranged,,,"unaffiliated, unaffiliated",2009,Alpha Week 2,25.13,9,,"Mage, Support",https://raw.communitydragon.org/latest/plugins/rcp-be-lol-game-data/global/default/v1/champion-icons/9.png
92,Riven,champions/Riven/images/Riven_icon.png,champions/Riven/images/Riven_splash.jpg,"['ASSASSIN', 'FIGHTER', 'SKIRMISHER']",TOP,None,Melee,,,"noxus, noxus",2011,1.0.0.125,25.14,8,,"Fighter, Assassin",https://raw.communitydragon.org/latest/plugins/rcp-be-lol-game-data/global/default/v1/champion-icons/92.png
893,Aurora,champions/Aurora/images/Aurora_icon.png,champions/Aurora/images/Aurora_splash.jpg,"['ASSASSIN', 'BURST', 'MAGE']","MIDDLE, TOP",Mana,Ranged,,Vastaya,"freljord, freljord",2024,14.14,25.14,5,,"Mage, Assassin",https://raw.communitydragon.org/latest/plugins/rcp-be-lol-game-data/global/default/v1/champion-icons/893.png
122,Darius,champions/Darius/images/Darius_icon.png,champions/Darius/images/Darius_splash.jpg,"['FIGHTER', 'JUGGERNAUT', 'TANK']",TOP,Mana,Melee,,,"noxus, noxus",2012,1.0.0.140,25.14,2,,"Fighter, Tank",https://raw.communitydragon.org/latest/plugins/rcp-be-lol-game-data/global/default/v1/champion-icons/122.png
10,Kayle,champions/Kayle/images/Kayle_icon.png,champions/Kayle/images/Kayle_splash.jpg,"['MAGE', 'MARKSMAN', 'SPECIALIST']",TOP,Mana,Melee,,,"demacia, demacia",2009,Alpha Week 2,25.14,7,,"Mage, Marksman",https://raw.communitydragon.org/latest/plugins/rcp-be-lol-game-data/global/default/v1/champion-icons/10.png
86,Garen,champions/Garen/images/Garen_icon.png,champions/Garen/images/Garen_splash.jpg,"['FIGHTER', 'JUGGERNAUT', 'TANK']",TOP,None,Melee,,,"demacia, demacia",2010,1.0.0.83,25.12,5,,"Fighter, Tank",https://raw.communitydragon.org/latest/plugins/rcp-be-lol-game-data/global/default/v1/champion-icons/86.png
150,Gnar,champions/Gnar/images/Gnar_icon.png,champions/Gnar/images/Gnar_splash.jpg,"['FIGHTER', 'SPECIALIST', 'TANK']",TOP,Rage,Ranged,,,"freljord, freljord",2014,4.18,14.18,8,,"Fighter, Tank",https://raw.communitydragon.org/latest/plugins/rcp-be-lol-game-data/global/default/v1/champion-icons/150.png
39,Irelia,champions/Irelia/images/Irelia_icon.png,champions/Irelia/images/Irelia_splash.jpg,"['ASSASSIN', 'DIVER', 'FIGHTER']","MIDDLE, TOP",Mana,Melee,,,"ionia, ionia",2010,1.0.0.105,25.15,5,,"Fighter, Assassin",https://raw.communitydragon.org/latest/plugins/rcp-be-lol-game-data/global/default/v1/champion-icons/39.png
246,Qiyana,champions/Qiyana/images/Qiyana_icon.png,champions/Qiyana/images/Qiyana_splash.jpg,"['ASSASSIN', 'FIGHTER']",MIDDLE,Mana,Melee,,,"ixtal, ixtal",2019,9.13,14.21,8,,Assassin,https://raw.communitydragon.org/latest/plugins/rcp-be-lol-game-data/global/default/v1/champion-icons/246.png
24,Jax,champions/Jax/images/Jax_icon.png,champions/Jax/images/Jax_splash.jpg,"['ASSASSIN', 'FIGHTER', 'SKIRMISHER']","JUNGLE, TOP",Mana,Melee,,,"unaffiliated, unaffiliated",2009,Alpha Week 2,25.12,5,,Fighter,https://raw.communitydragon.org/latest/plugins/rcp-be-lol-game-data/global/default/v1/champion-icons/24.png
203,Kindred,champions/Kindred/images/Kindred_icon.png,champions/Kindred/images/Kindred_splash.jpg,['MARKSMAN'],JUNGLE,Mana,Ranged,,,"unaffiliated, unaffiliated",2015,5.20,25.13,4,,Marksman,https://raw.communitydragon.org/latest/plugins/rcp-be-lol-game-data/global/default/v1/champion-icons/203.png
56,Nocturne,champions/Nocturne/images/Nocturne_icon.png,champions/Nocturne/images/Nocturne_splash.jpg,"['ASSASSIN', 'FIGHTER']",JUNGLE,Mana,Melee,,,"unaffiliated, unaffiliated",2011,1.0.0.113,25.10,4,,"Fighter, Assassin",https://raw.communitydragon.org/latest/plugins/rcp-be-lol-game-data/global/default/v1/champion-icons/56.png
89,Leona,champions/Leona/images/Leona_icon.png,champions/Leona/images/Leona_splash.jpg,"['SUPPORT', 'TANK', 'VANGUARD']",SUPPORT,Mana,Melee,,,"mount-targon, mount-targon",2011,1.0.0.121,25.09,4,,"Tank, Support",https://raw.communitydragon.org/latest/plugins/rcp-be-lol-game-data/global/default/v1/champion-icons/89.png
895,Nilah,champions/Nilah/images/Nilah_icon.png,champions/Nilah/images/Nilah_splash.jpg,"['ASSASSIN', 'FIGHTER', 'SKIRMISHER']",BOTTOM,Mana,Melee,,,"bilgewater, bilgewater",2022,12.13,25.15,10,,"Fighter, Assassin",https://raw.communitydragon.org/latest/plugins/rcp-be-lol-game-data/global/default/v1/champion-icons/895.png
62,Wukong,champions/MonkeyKing/images/MonkeyKing_icon.png,champions/MonkeyKing/images/MonkeyKing_splash.jpg,"['DIVER', 'FIGHTER', 'TANK']","JUNGLE, TOP",Mana,Melee,,Vastaya,"ionia, ionia",2011,1.0.0.122,25.03,3,,"Fighter, Tank",https://raw.communitydragon.org/latest/plugins/rcp-be-lol-game-data/global/default/v1/champion-icons/62.png
950,Naafiri,champions/Naafiri/images/Naafiri_icon.png,champions/Naafiri/images/Naafiri_splash.jpg,"['ASSASSIN', 'FIGHTER']",MIDDLE,Mana,Melee,,Darkin,"shurima, shurima",2023,13.14,25.11,2,,"Assassin, Fighter",https://raw.communitydragon.org/latest/plugins/rcp-be-lol-game-data/global/default/v1/champion-icons/950.png
55,Katarina,champions/Katarina/images/Katarina_icon.png,champions/Katarina/images/Katarina_splash.jpg,"['ASSASSIN', 'MAGE']",MIDDLE,None,Melee,,,"noxus, noxus",2009,0.9.25.21,25.13,8,,"Assassin, Mage",https://raw.communitydragon.org/latest/plugins/rcp-be-lol-game-data/global/default/v1/champion-icons/55.png
17,Teemo,champions/Teemo/images/Teemo_icon.png,champions/Teemo/images/Teemo_splash.jpg,"['MAGE', 'MARKSMAN', 'SPECIALIST']","JUNGLE, SUPPORT, TOP",Mana,Ranged,,,"bandle-city, bandle-city",2009,Alpha Week 2,25.04,6,,"Marksman, Mage",https://raw.communitydragon.org/latest/plugins/rcp-be-lol-game-data/global/default/v1/champion-icons/17.png
61,Orianna,champions/Orianna/images/Orianna_icon.png,champions/Orianna/images/Orianna_splash.jpg,"['BURST', 'MAGE', 'SUPPORT']",MIDDLE,Mana,Ranged,,,"piltover, piltover",2011,1.0.0.119,25.09,7,,"Mage, Support",https://raw.communitydragon.org/latest/plugins/rcp-be-lol-game-data/global/default/v1/champion-icons/61.png
497,Rakan,champions/Rakan/images/Rakan_icon.png,champions/Rakan/images/Rakan_splash.jpg,"['CATCHER', 'SUPPORT']",SUPPORT,Mana,Melee,,Vastaya,"ionia, ionia",2017,7.8,25.03,5,,Support,https://raw.communitydragon.org/latest/plugins/rcp-be-lol-game-data/global/default/v1/champion-icons/497.png
888,Renata Glasc,champions/Renata/images/Renata_icon.png,champions/Renata/images/Renata_splash.jpg,"['ENCHANTER', 'MAGE', 'SUPPORT']",SUPPORT,Mana,Ranged,,,zaun,2022,12.4,25.14,8,,"Support, Mage",https://raw.communitydragon.org/latest/plugins/rcp-be-lol-game-data/global/default/v1/champion-icons/888.png
875,Sett,champions/Sett/images/Sett_icon.png,champions/Sett/images/Sett_splash.jpg,"['FIGHTER', 'JUGGERNAUT', 'TANK']",TOP,Grit,Melee,,,"ionia, ionia",2020,10.1,25.14,2,,"Fighter, Tank",https://raw.communitydragon.org/latest/plugins/rcp-be-lol-game-data/global/default/v1/champion-icons/875.png
526,Rell,champions/Rell/images/Rell_icon.png,champions/Rell/images/Rell_splash.jpg,"['SUPPORT', 'TANK', 'VANGUARD']",SUPPORT,Mana,Melee,,,"noxus, noxus",2020,10.25,25.15,0,,"Tank, Support",https://raw.communitydragon.org/latest/plugins/rcp-be-lol-game-data/global/default/v1/champion-icons/526.png
58,Renekton,champions/Renekton/images/Renekton_icon.png,champions/Renekton/images/Renekton_splash.jpg,"['DIVER', 'FIGHTER', 'TANK']",TOP,Fury,Melee,,,"shurima, shurima",2011,1.0.0.109,25.08,3,,"Fighter, Tank",https://raw.communitydragon.org/latest/plugins/rcp-be-lol-game-data/global/default/v1/champion-icons/58.png
81,Ezreal,champions/Ezreal/images/Ezreal_icon.png,champions/Ezreal/images/Ezreal_splash.jpg,"['MAGE', 'MARKSMAN']",BOTTOM,Mana,Ranged,,,"piltover, piltover",2010,1.0.0.79,25.06,7,,"Marksman, Mage",https://raw.communitydragon.org/latest/plugins/rcp-be-lol-game-data/global/default/v1/champion-icons/81.png
555,Pyke,champions/Pyke/images/Pyke_icon.png,champions/Pyke/images/Pyke_splash.jpg,"['ASSASSIN', 'CATCHER', 'SUPPORT']",SUPPORT,Mana,Melee,,,"bilgewater, bilgewater",2018,8.11,25.11,7,,"Support, Assassin",https://raw.communitydragon.org/latest/plugins/rcp-be-lol-game-data/global/default/v1/champion-icons/555.png
516,Ornn,champions/Ornn/images/Ornn_icon.png,champions/Ornn/images/Ornn_splash.jpg,"['FIGHTER', 'TANK', 'VANGUARD']",TOP,Mana,Melee,,,"freljord, freljord",2017,7.17,25.02,5,,Tank,https://raw.communitydragon.org/latest/plugins/rcp-be-lol-game-data/global/default/v1/champion-icons/516.png
421,Rek'Sai,champions/RekSai/images/RekSai_icon.png,champions/RekSai/images/RekSai_splash.jpg,"['DIVER', 'FIGHTER', 'TANK']",JUNGLE,Rage,Melee,,,"void, void",2014,4.21,25.15,3,,"Fighter, Tank",https://raw.communitydragon.org/latest/plugins/rcp-be-lol-game-data/global/default/v1/champion-icons/421.png
107,Rengar,champions/Rengar/images/Rengar_icon.png,champions/Rengar/images/Rengar_splash.jpg,"['ASSASSIN', 'DIVER', 'FIGHTER']","JUNGLE, TOP",Ferocity,Melee,,Vastaya,"ixtal, ixtal",2012,1.0.0.145,25.14,8,,"Assassin, Fighter",https://raw.communitydragon.org/latest/plugins/rcp-be-lol-game-data/global/default/v1/champion-icons/107.png
13,Ryze,champions/Ryze/images/Ryze_icon.png,champions/Ryze/images/Ryze_splash.jpg,"['BATTLEMAGE', 'FIGHTER', 'MAGE']",MIDDLE,Mana,Ranged,,,"unaffiliated, unaffiliated",2009,Alpha Week 2,25.13,7,,Mage,https://raw.communitydragon.org/latest/plugins/rcp-be-lol-game-data/global/default/v1/champion-icons/13.png
68,Rumble,champions/Rumble/images/Rumble_icon.png,champions/Rumble/images/Rumble_splash.jpg,"['BATTLEMAGE', 'FIGHTER', 'MAGE']","MIDDLE, TOP",Heat,Melee,,,"bandle-city, bandle-city",2011,1.0.0.116,25.12,10,,"Fighter, Mage",https://raw.communitydragon.org/latest/plugins/rcp-be-lol-game-data/global/default/v1/champion-icons/68.png
360,Samira,champions/Samira/images/Samira_icon.png,champions/Samira/images/Samira_splash.jpg,"['ASSASSIN', 'MARKSMAN']",BOTTOM,Mana,Ranged,,,"noxus, noxus",2020,10.19,25.14,6,,"Marksman, Assassin",https://raw.communitydragon.org/latest/plugins/rcp-be-lol-game-data/global/default/v1/champion-icons/360.png
113,Sejuani,champions/Sejuani/images/Sejuani_icon.png,champions/Sejuani/images/Sejuani_splash.jpg,"['FIGHTER', 'TANK', 'VANGUARD']",JUNGLE,Mana,Melee,,,"freljord, freljord",2012,1.0.0.132,14.15,4,,Tank,https://raw.communitydragon.org/latest/plugins/rcp-be-lol-game-data/global/default/v1/champion-icons/113.png
15,Sivir,champions/Sivir/images/Sivir_icon.png,champions/Sivir/images/Sivir_splash.jpg,['MARKSMAN'],BOTTOM,Mana,Ranged,,,"shurima, shurima",2009,Alpha Week 2,25.11,4,,Marksman,https://raw.communitydragon.org/latest/plugins/rcp-be-lol-game-data/global/default/v1/champion-icons/15.png
90,Malzahar,champions/Malzahar/images/Malzahar_icon.png,champions/Malzahar/images/Malzahar_splash.jpg,"['ASSASSIN', 'BATTLEMAGE', 'MAGE']",MIDDLE,Mana,Ranged,,,"void, void",2010,1.0.0.86,25.04,6,,Mage,https://raw.communitydragon.org/latest/plugins/rcp-be-lol-game-data/global/default/v1/champion-icons/90.png
8,Vladimir,champions/Vladimir/images/Vladimir_icon.png,champions/Vladimir/images/Vladimir_splash.jpg,"['BATTLEMAGE', 'FIGHTER', 'MAGE']","MIDDLE, TOP",Crimson Rush,Ranged,,,"noxus, noxus",2010,1.0.0.97,25.11,7,,"Mage, Fighter",https://raw.communitydragon.org/latest/plugins/rcp-be-lol-game-data/global/default/v1/champion-icons/8.png
2,Olaf,champions/Olaf/images/Olaf_icon.png,champions/Olaf/images/Olaf_splash.jpg,"['DIVER', 'FIGHTER', 'TANK']",TOP,Mana,Melee,,,"freljord, freljord",2010,1.0.0.87,25.07,3,,"Fighter, Tank",https://raw.communitydragon.org/latest/plugins/rcp-be-lol-game-data/global/default/v1/champion-icons/2.png
16,Soraka,champions/Soraka/images/Soraka_icon.png,champions/Soraka/images/Soraka_splash.jpg,"['ENCHANTER', 'MAGE', 'SUPPORT']",SUPPORT,Mana,Ranged,,,"mount-targon, mount-targon",2009,Alpha Week 2,14.24,3,,"Support, Mage",https://raw.communitydragon.org/latest/plugins/rcp-be-lol-game-data/global/default/v1/champion-icons/16.png
412,Thresh,champions/Thresh/images/Thresh_icon.png,champions/Thresh/images/Thresh_splash.jpg,"['CATCHER', 'SUPPORT', 'TANK']",SUPPORT,Mana,Ranged,,,"shadow-isles, shadow-isles",2013,1.0.0.154,25.03,7,,"Support, Tank",https://raw.communitydragon.org/latest/plugins/rcp-be-lol-game-data/global/default/v1/champion-icons/412.png
50,Swain,champions/Swain/images/Swain_icon.png,champions/Swain/images/Swain_splash.jpg,"['BATTLEMAGE', 'MAGE', 'SUPPORT']","BOTTOM, MIDDLE, SUPPORT",Mana,Ranged,,,"noxus, noxus",2010,1.0.0.102,25.12,8,,"Mage, Support",https://raw.communitydragon.org/latest/plugins/rcp-be-lol-game-data/global/default/v1/champion-icons/50.png
35,Shaco,champions/Shaco/images/Shaco_icon.png,champions/Shaco/images/Shaco_splash.jpg,['ASSASSIN'],"JUNGLE, SUPPORT",Mana,Melee,,,"unaffiliated, unaffiliated",2009,0.9.25.34,25.07,9,,Assassin,https://raw.communitydragon.org/latest/plugins/rcp-be-lol-game-data/global/default/v1/champion-icons/35.png
223,Tahm Kench,champions/TahmKench/images/TahmKench_icon.png,champions/TahmKench/images/TahmKench_splash.jpg,"['SUPPORT', 'TANK', 'WARDEN']","SUPPORT, TOP",Mana,Melee,,,"unaffiliated, unaffiliated",2015,5.13,25.02,5,,"Tank, Support",https://raw.communitydragon.org/latest/plugins/rcp-be-lol-game-data/global/default/v1/champion-icons/223.png
14,Sion,champions/Sion/images/Sion_icon.png,champions/Sion/images/Sion_splash.jpg,"['FIGHTER', 'TANK', 'VANGUARD']",TOP,Mana,Melee,,,"noxus, noxus",2009,Alpha Week 2,25.11,5,,"Tank, Fighter",https://raw.communitydragon.org/latest/plugins/rcp-be-lol-game-data/global/default/v1/champion-icons/14.png
102,Shyvana,champions/Shyvana/images/Shyvana_icon.png,champions/Shyvana/images/Shyvana_splash.jpg,"['FIGHTER', 'JUGGERNAUT', 'MAGE']",JUNGLE,Fury,Melee,,,"demacia, demacia",2011,1.0.0.128,14.23,4,,"Fighter, Mage",https://raw.communitydragon.org/latest/plugins/rcp-be-lol-game-data/global/default/v1/champion-icons/102.png
106,Volibear,champions/Volibear/images/Volibear_icon.png,champions/Volibear/images/Volibear_splash.jpg,"['FIGHTER', 'JUGGERNAUT', 'TANK']","JUNGLE, TOP",Mana,Melee,,,"freljord, freljord",2011,1.0.0.130,25.07,3,,"Fighter, Tank",https://raw.communitydragon.org/latest/plugins/rcp-be-lol-game-data/global/default/v1/champion-icons/106.png
901,Smolder,champions/Smolder/images/Smolder_icon.png,champions/Smolder/images/Smolder_splash.jpg,"['MAGE', 'MARKSMAN']","BOTTOM, MIDDLE, TOP",Mana,Ranged,,,"unaffiliated, unaffiliated",2024,14.2,25.11,6,,"Marksman, Mage",https://raw.communitydragon.org/latest/plugins/rcp-be-lol-game-data/global/default/v1/champion-icons/901.png
27,Singed,champions/Singed/images/Singed_icon.png,champions/Singed/images/Singed_splash.jpg,"['MAGE', 'SPECIALIST', 'TANK']",TOP,Mana,Melee,,,"zaun, zaun",2009,"April 18, 2009 Patch",25.08,5,,"Tank, Mage",https://raw.communitydragon.org/latest/plugins/rcp-be-lol-game-data/global/default/v1/champion-icons/27.png
72,Skarner,champions/Skarner/images/Skarner_icon.png,champions/Skarner/images/Skarner_splash.jpg,"['FIGHTER', 'JUGGERNAUT', 'TANK', 'VANGUARD']","JUNGLE, TOP",Mana,Melee,,,"ixtal, ixtal",2011,1.0.0.123,25.09,5,,"Tank, Fighter",https://raw.communitydragon.org/latest/plugins/rcp-be-lol-game-data/global/default/v1/champion-icons/72.png
23,Tryndamere,champions/Tryndamere/images/Tryndamere_icon.png,champions/Tryndamere/images/Tryndamere_splash.jpg,"['ASSASSIN', 'FIGHTER', 'SKIRMISHER']",TOP,Fury,Melee,,,"freljord, freljord",2009,"May 1, 2009 Patch",14.20,5,,"Fighter, Assassin",https://raw.communitydragon.org/latest/plugins/rcp-be-lol-game-data/global/default/v1/champion-icons/23.png
18,Tristana,champions/Tristana/images/Tristana_icon.png,champions/Tristana/images/Tristana_splash.jpg,"['ASSASSIN', 'MARKSMAN']","BOTTOM, MIDDLE",Mana,Ranged,,,"bandle-city, bandle-city",2009,Alpha Week 2,25.08,4,,"Marksman, Assassin",https://raw.communitydragon.org/latest/plugins/rcp-be-lol-game-data/global/default/v1/champion-icons/18.png
37,Sona,champions/Sona/images/Sona_icon.png,champions/Sona/images/Sona_splash.jpg,"['ENCHANTER', 'MAGE', 'SUPPORT']",SUPPORT,Mana,Ranged,,,"demacia, demacia",2010,1.0.0.101,25.08,4,,"Support, Mage",https://raw.communitydragon.org/latest/plugins/rcp-be-lol-game-data/global/default/v1/champion-icons/37.png
98,Shen,champions/Shen/images/Shen_icon.png,champions/Shen/images/Shen_splash.jpg,"['TANK', 'WARDEN']","SUPPORT, TOP",Energy,Melee,,,"ionia, ionia",2010,1.0.0.81,25.12,4,,Tank,https://raw.communitydragon.org/latest/plugins/rcp-be-lol-game-data/global/default/v1/champion-icons/98.png
163,Taliyah,champions/Taliyah/images/Taliyah_icon.png,champions/Taliyah/images/Taliyah_splash.jpg,"['BATTLEMAGE', 'MAGE', 'SUPPORT']","JUNGLE, MIDDLE",Mana,Ranged,,,"shurima, shurima",2016,6.10,25.12,5,,"Mage, Support",https://raw.communitydragon.org/latest/plugins/rcp-be-lol-game-data/global/default/v1/champion-icons/163.png
110,Varus,champions/Varus/images/Varus_icon.png,champions/Varus/images/Varus_splash.jpg,"['ARTILLERY', 'MAGE', 'MARKSMAN']",BOTTOM,Mana,Ranged,,Darkin,"ionia, ionia",2012,1.0.0.139,25.12,2,,"Marksman, Mage",https://raw.communitydragon.org/latest/plugins/rcp-be-lol-game-data/global/default/v1/champion-icons/110.png
254,Vi,champions/Vi/images/Vi_icon.png,champions/Vi/images/Vi_splash.jpg,"['ASSASSIN', 'DIVER', 'FIGHTER']",JUNGLE,Mana,Melee,,,"piltover, piltover",2012,1.0.0.153,25.13,4,,"Fighter, Assassin",https://raw.communitydragon.org/latest/plugins/rcp-be-lol-game-data/global/default/v1/champion-icons/254.png
134,Syndra,champions/Syndra/images/Syndra_icon.png,champions/Syndra/images/Syndra_splash.jpg,"['BURST', 'MAGE']",MIDDLE,Mana,Ranged,,,"ionia, ionia",2012,1.0.0.147,25.08,8,,Mage,https://raw.communitydragon.org/latest/plugins/rcp-be-lol-game-data/global/default/v1/champion-icons/134.png
77,Udyr,champions/Udyr/images/Udyr_icon.png,champions/Udyr/images/Udyr_splash.jpg,"['FIGHTER', 'JUGGERNAUT', 'TANK']","JUNGLE, TOP",Mana,Melee,,,"freljord, freljord",2009,1.0.0.61,25.11,7,,"Fighter, Tank",https://raw.communitydragon.org/latest/plugins/rcp-be-lol-game-data/global/default/v1/champion-icons/77.png
44,Taric,champions/Taric/images/Taric_icon.png,champions/Taric/images/Taric_splash.jpg,"['ENCHANTER', 'SUPPORT', 'TANK', 'WARDEN']","MIDDLE, SUPPORT",Mana,Melee,,,"mount-targon, mount-targon",2009,0.9.22.15,14.21,3,,"Support, Tank",https://raw.communitydragon.org/latest/plugins/rcp-be-lol-game-data/global/default/v1/champion-icons/44.png
48,Trundle,champions/Trundle/images/Trundle_icon.png,champions/Trundle/images/Trundle_splash.jpg,"['FIGHTER', 'JUGGERNAUT', 'TANK']","JUNGLE, TOP",Mana,Melee,,,"freljord, freljord",2010,1.0.0.106,25.07,5,,"Fighter, Tank",https://raw.communitydragon.org/latest/plugins/rcp-be-lol-game-data/global/default/v1/champion-icons/48.png
4,Twisted Fate,champions/TwistedFate/images/TwistedFate_icon.png,champions/TwistedFate/images/TwistedFate_splash.jpg,"['BURST', 'MAGE', 'MARKSMAN']","BOTTOM, MIDDLE, TOP",Mana,Ranged,,,"bilgewater, bilgewater",2009,Alpha Week 2,25.14,9,,"Mage, Marksman",https://raw.communitydragon.org/latest/plugins/rcp-be-lol-game-data/global/default/v1/champion-icons/4.png
157,Yasuo,champions/Yasuo/images/Yasuo_icon.png,champions/Yasuo/images/Yasuo_splash.jpg,"['ASSASSIN', 'FIGHTER', 'SKIRMISHER']","BOTTOM, MIDDLE, TOP",Flow,Melee,,,"ionia, ionia",2013,3.15,25.14,10,,"Fighter, Assassin",https://raw.communitydragon.org/latest/plugins/rcp-be-lol-game-data/global/default/v1/champion-icons/157.png
29,Twitch,champions/Twitch/images/Twitch_icon.png,champions/Twitch/images/Twitch_splash.jpg,"['ASSASSIN', 'MARKSMAN']","BOTTOM, SUPPORT",Mana,Ranged,,,"zaun, zaun",2009,"May 1, 2009 Patch",25.13,6,,"Marksman, Assassin",https://raw.communitydragon.org/latest/plugins/rcp-be-lol-game-data/global/default/v1/champion-icons/29.png
101,Xerath,champions/Xerath/images/Xerath_icon.png,champions/Xerath/images/Xerath_splash.jpg,"['ARTILLERY', 'MAGE', 'SUPPORT']","MIDDLE, SUPPORT",Mana,Ranged,,,"shurima, shurima",2011,1.0.0.126,25.08,8,,"Mage, Support",https://raw.communitydragon.org/latest/plugins/rcp-be-lol-game-data/global/default/v1/champion-icons/101.png
498,Xayah,champions/Xayah/images/Xayah_icon.png,champions/Xayah/images/Xayah_splash.jpg,['MARKSMAN'],BOTTOM,Mana,Ranged,,Vastaya,"ionia, ionia",2017,7.8,14.21,5,,Marksman,https://raw.communitydragon.org/latest/plugins/rcp-be-lol-game-data/global/default/v1/champion-icons/498.png
67,Vayne,champions/Vayne/images/Vayne_icon.png,champions/Vayne/images/Vayne_splash.jpg,"['ASSASSIN', 'MARKSMAN']","BOTTOM, TOP",Mana,Ranged,,,"demacia, demacia",2011,1.0.0.118,14.22,8,,"Marksman, Assassin",https://raw.communitydragon.org/latest/plugins/rcp-be-lol-game-data/global/default/v1/champion-icons/67.png
6,Urgot,champions/Urgot/images/Urgot_icon.png,champions/Urgot/images/Urgot_splash.jpg,"['FIGHTER', 'JUGGERNAUT', 'TANK']",TOP,Mana,Ranged,,,"zaun, zaun",2010,1.0.0.99,25.06,8,,"Fighter, Tank",https://raw.communitydragon.org/latest/plugins/rcp-be-lol-game-data/global/default/v1/champion-icons/6.png
143,Zyra,champions/Zyra/images/Zyra_icon.png,champions/Zyra/images/Zyra_splash.jpg,"['CATCHER', 'MAGE', 'SUPPORT']",SUPPORT,Mana,Ranged,,,"ixtal, ixtal",2012,1.0.0.143,14.24,7,,"Mage, Support",https://raw.communitydragon.org/latest/plugins/rcp-be-lol-game-data/global/default/v1/champion-icons/143.png
21,Miss Fortune,champions/MissFortune/images/MissFortune_icon.png,champions/MissFortune/images/MissFortune_splash.jpg,"['MAGE', 'MARKSMAN']",BOTTOM,Mana,Ranged,,,"bilgewater, bilgewater",2010,1.0.0.100,25.03,1,,"Marksman, Mage",https://raw.communitydragon.org/latest/plugins/rcp-be-lol-game-data/global/default/v1/champion-icons/21.png
5,Xin Zhao,champions/XinZhao/images/XinZhao_icon.png,champions/XinZhao/images/XinZhao_splash.jpg,"['DIVER', 'FIGHTER', 'TANK']",JUNGLE,Mana,Melee,,,"demacia, demacia",2010,1.0.0.96,25.14,2,,"Fighter, Tank",https://raw.communitydragon.org/latest/plugins/rcp-be-lol-game-data/global/default/v1/champion-icons/5.png
161,Vel'Koz,champions/Velkoz/images/Velkoz_icon.png,champions/Velkoz/images/Velkoz_splash.jpg,"['ARTILLERY', 'MAGE', 'SUPPORT']","MIDDLE, SUPPORT",Mana,Ranged,,,"void, void",2014,4.3,25.14,8,,"Mage, Support",https://raw.communitydragon.org/latest/plugins/rcp-be-lol-game-data/global/default/v1/champion-icons/161.png
45,Veigar,champions/Veigar/images/Veigar_icon.png,champions/Veigar/images/Veigar_splash.jpg,"['BURST', 'MAGE']","MIDDLE, SUPPORT",Mana,Ranged,,,"bandle-city, bandle-city",2009,0.8.22.115,25.09,7,,Mage,https://raw.communitydragon.org/latest/plugins/rcp-be-lol-game-data/global/default/v1/champion-icons/45.png
711,Vex,champions/Vex/images/Vex_icon.png,champions/Vex/images/Vex_splash.jpg,"['BURST', 'MAGE']",MIDDLE,Mana,Ranged,,,"shadow-isles, shadow-isles",2021,11.19,25.09,0,,Mage,https://raw.communitydragon.org/latest/plugins/rcp-be-lol-game-data/global/default/v1/champion-icons/711.png
112,Viktor,champions/Viktor/images/Viktor_icon.png,champions/Viktor/images/Viktor_splash.jpg,"['BATTLEMAGE', 'MAGE']",MIDDLE,Mana,Ranged,,,"zaun, zaun",2011,1.0.0.131,25.06,9,,Mage,https://raw.communitydragon.org/latest/plugins/rcp-be-lol-game-data/global/default/v1/champion-icons/112.png
19,Warwick,champions/Warwick/images/Warwick_icon.png,champions/Warwick/images/Warwick_splash.jpg,"['DIVER', 'FIGHTER', 'TANK']","JUNGLE, TOP",Mana,Melee,,,"zaun, zaun",2009,Alpha Week 2,25.08,3,,"Fighter, Tank",https://raw.communitydragon.org/latest/plugins/rcp-be-lol-game-data/global/default/v1/champion-icons/19.png
804,Yunara,champions/Yunara/images/Yunara_icon.png,champions/Yunara/images/Yunara_splash.jpg,['MARKSMAN'],BOTTOM,Mana,Ranged,,,"ionia, ionia",2025,25.14,25.14,4,,Marksman,https://raw.communitydragon.org/latest/plugins/rcp-be-lol-game-data/global/default/v1/champion-icons/804.png
133,Quinn,champions/Quinn/images/Quinn_icon.png,champions/Quinn/images/Quinn_splash.jpg,"['ASSASSIN', 'MARKSMAN', 'SPECIALIST']",TOP,Mana,Ranged,,,"demacia, demacia",2013,3.03,25.15,5,,"Marksman, Assassin",https://raw.communitydragon.org/latest/plugins/rcp-be-lol-game-data/global/default/v1/champion-icons/133.png
777,Yone,champions/Yone/images/Yone_icon.png,champions/Yone/images/Yone_splash.jpg,"['ASSASSIN', 'FIGHTER', 'SKIRMISHER']","MIDDLE, TOP",Flow,Melee,,,"ionia, ionia",2020,10.16,25.09,8,,"Fighter, Assassin",https://raw.communitydragon.org/latest/plugins/rcp-be-lol-game-data/global/default/v1/champion-icons/777.png
33,Rammus,champions/Rammus/images/Rammus_icon.png,champions/Rammus/images/Rammus_splash.jpg,"['FIGHTER', 'TANK', 'VANGUARD']",JUNGLE,Mana,Melee,,,"shurima, shurima",2009,"July 10, 2009 Patch",25.13,5,,Tank,https://raw.communitydragon.org/latest/plugins/rcp-be-lol-game-data/global/default/v1/champion-icons/33.png
78,Poppy,champions/Poppy/images/Poppy_icon.png,champions/Poppy/images/Poppy_splash.jpg,"['FIGHTER', 'TANK', 'WARDEN']","JUNGLE, TOP",Mana,Melee,,,"demacia, demacia",2010,1.0.0.70,25.09,6,,"Tank, Fighter",https://raw.communitydragon.org/latest/plugins/rcp-be-lol-game-data/global/default/v1/champion-icons/78.png
80,Pantheon,champions/Pantheon/images/Pantheon_icon.png,champions/Pantheon/images/Pantheon_splash.jpg,"['ASSASSIN', 'DIVER', 'FIGHTER']","JUNGLE, MIDDLE, SUPPORT, TOP",Mana,Melee,,,"mount-targon, mount-targon",2010,1.0.0.72,25.15,4,,"Fighter, Assassin",https://raw.communitydragon.org/latest/plugins/rcp-be-lol-game-data/global/default/v1/champion-icons/80.png
517,Sylas,champions/Sylas/images/Sylas_icon.png,champions/Sylas/images/Sylas_splash.jpg,"['ASSASSIN', 'BURST', 'MAGE', 'SKIRMISHER']","MIDDLE, TOP",Mana,Melee,,,"demacia, demacia",2019,9.2,25.13,5,,"Mage, Assassin",https://raw.communitydragon.org/latest/plugins/rcp-be-lol-game-data/global/default/v1/champion-icons/517.png
238,Zed,champions/Zed/images/Zed_icon.png,champions/Zed/images/Zed_splash.jpg,['ASSASSIN'],"JUNGLE, MIDDLE",Energy,Melee,,,"ionia, ionia",2012,1.0.0.151,25.08,7,,Assassin,https://raw.communitydragon.org/latest/plugins/rcp-be-lol-game-data/global/default/v1/champion-icons/238.png
350,Yuumi,champions/Yuumi/images/Yuumi_icon.png,champions/Yuumi/images/Yuumi_splash.jpg,"['ENCHANTER', 'MAGE', 'SUPPORT']",SUPPORT,Mana,Ranged,,,"bandle-city, bandle-city",2019,9.10,25.14,2,,"Support, Mage",https://raw.communitydragon.org/latest/plugins/rcp-be-lol-game-data/global/default/v1/champion-icons/350.png
26,Zilean,champions/Zilean/images/Zilean_icon.png,champions/Zilean/images/Zilean_splash.jpg,"['MAGE', 'SPECIALIST', 'SUPPORT']",SUPPORT,Mana,Ranged,,,"unaffiliated, unaffiliated",2009,"April 18, 2009 Patch",25.13,6,,"Support, Mage",https://raw.communitydragon.org/latest/plugins/rcp-be-lol-game-data/global/default/v1/champion-icons/26.png
154,Zac,champions/Zac/images/Zac_icon.png,champions/Zac/images/Zac_splash.jpg,"['FIGHTER', 'TANK', 'VANGUARD']","JUNGLE, SUPPORT, TOP",Health,Melee,,,"zaun, zaun",2013,3.5,25.13,8,,"Tank, Fighter",https://raw.communitydragon.org/latest/plugins/rcp-be-lol-game-data/global/default/v1/champion-icons/154.png
235,Senna,champions/Senna/images/Senna_icon.png,champions/Senna/images/Senna_splash.jpg,"['ENCHANTER', 'MARKSMAN', 'SUPPORT']","BOTTOM, SUPPORT",Mana,Ranged,,,"unaffiliated, unaffiliated",2019,9.22,25.12,7,,"Support, Marksman",https://raw.communitydragon.org/latest/plugins/rcp-be-lol-game-data/global/default/v1/champion-icons/235.png
221,Zeri,champions/Zeri/images/Zeri_icon.png,champions/Zeri/images/Zeri_splash.jpg,['MARKSMAN'],BOTTOM,Mana,Ranged,,,"zaun, zaun",2022,12.2,25.12,6,,Marksman,https://raw.communitydragon.org/latest/plugins/rcp-be-lol-game-data/global/default/v1/champion-icons/221.png
115,Ziggs,champions/Ziggs/images/Ziggs_icon.png,champions/Ziggs/images/Ziggs_splash.jpg,"['ARTILLERY', 'MAGE']","BOTTOM, MIDDLE",Mana,Ranged,,,"zaun, zaun",2012,1.0.0.133,25.14,4,,Mage,https://raw.communitydragon.org/latest/plugins/rcp-be-lol-game-data/global/default/v1/champion-icons/115.png
91,Talon,champions/Talon/images/Talon_icon.png,champions/Talon/images/Talon_splash.jpg,['ASSASSIN'],JUNGLE,Mana,Melee,,,"noxus, noxus",2011,1.0.0.124,25.11,7,,Assassin,https://raw.communitydragon.org/latest/plugins/rcp-be-lol-game-data/global/default/v1/champion-icons/91.png
83,Yorick,champions/Yorick/images/Yorick_icon.png,champions/Yorick/images/Yorick_splash.jpg,"['FIGHTER', 'JUGGERNAUT', 'TANK']",TOP,Mana,Melee,,,"shadow-isles, shadow-isles",2011,1.0.0.120,25.13,6,,"Fighter, Tank",https://raw.communitydragon.org/latest/plugins/rcp-be-lol-game-data/global/default/v1/champion-icons/83.png
234,Viego,champions/Viego/images/Viego_icon.png,champions/Viego/images/Viego_splash.jpg,"['ASSASSIN', 'FIGHTER', 'SKIRMISHER']",JUNGLE,None,Melee,,,"shadow-isles, shadow-isles",2021,11.2,25.14,5,,"Fighter, Assassin",https://raw.communitydragon.org/latest/plugins/rcp-be-lol-game-data/global/default/v1/champion-icons/234.png
142,Zoe,champions/Zoe/images/Zoe_icon.png,champions/Zoe/images/Zoe_splash.jpg,"['BURST', 'MAGE', 'SUPPORT']",MIDDLE,Mana,Ranged,,,"mount-targon, mount-targon",2017,7.23,25.14,5,,Mage,https://raw.communitydragon.org/latest/plugins/rcp-be-lol-game-data/global/default/v1/champion-icons/142.png
904,Zaahen,champions/Zaahen/images/Zaahen_icon.png,champions/Zaahen/images/Zaahen_splash.jpg,[],,Mana,Melee,,Darkin,unaffiliated,,,,2,,"Fighter, Assassin",https://raw.communitydragon.org/latest/plugins/rcp-be-lol-game-data/global/default/v1/champion-icons/904.png
147,Seraphine,champions/Seraphine/images/Seraphine_icon.png,champions/Seraphine/images/Seraphine_splash.jpg,"['BURST', 'ENCHANTER', 'MAGE', 'SUPPORT']","BOTTOM, SUPPORT",Mana,Ranged,,,"piltover, piltover",2020,10.22,25.05,0,,"Support, Mage",https://ddragon.leagueoflegends.com/cdn/15.24.1/img/champion/Seraphine.png
64,Lee Sin,champions/LeeSin/images/LeeSin_icon.png,champions/LeeSin/images/LeeSin_splash.jpg,"['ASSASSIN', 'DIVER', 'FIGHTER']",JUNGLE,Energy,Melee,,,"ionia, ionia",2011,1.0.0.114,25.14,6,,"Fighter, Assassin",https://ddragon.leagueoflegends.com/cdn/15.24.1/img/champion/LeeSin.png
267,Nami,champions/Nami/images/Nami_icon.png,champions/Nami/images/Nami_splash.jpg,"['ENCHANTER', 'MAGE', 'SUPPORT']",SUPPORT,Mana,Ranged,,Vastaya,"unaffiliated, unaffiliated",2012,1.0.0.152,14.24,5,,"Support, Mage",https://ddragon.leagueoflegends.com/cdn/15.24.1/img/champion/Nami.png
