id,name,image,roles,positions,resource,range_type,gender,species,regions,release_year,tags,sourceUrl
Aatrox,Aatrox,https://raw.githubusercontent.com/ibelion/omniwiki/main/cdn/leaguecontent/champions/Aatrox/images/Aatrox_icon.png,Fighter,Top,Manaless,Melee,Male,Darkin,Runeterra,2013,,
Ahri,Ahri,https://raw.githubusercontent.com/ibelion/omniwiki/main/cdn/leaguecontent/champions/Ahri/images/Ahri_icon.png,"Mage, Assassin",Middle,Mana,Ranged,Female,Vastayan,Ionia,2011,,
Akali,Akali,https://raw.githubusercontent.com/ibelion/omniwiki/main/cdn/leaguecontent/champions/Akali/images/Akali_icon.png,Assassin,Middle,Energy,Melee,Female,Human,Ionia,2010,,
Akshan,Akshan,https://raw.githubusercontent.com/ibelion/omniwiki/main/cdn/leaguecontent/champions/Akshan/images/Akshan_icon.png,"Marksman, Assassin",Middle,Mana,Ranged,Male,Human,Shurima,2021,,
Alistar,Alistar,https://raw.githubusercontent.com/ibelion/omniwiki/main/cdn/leaguecontent/champions/Alistar/images/Alistar_icon.png,"Tank, Support",Support,Mana,Melee,Male,Minotaur,"Noxus, Runeterra",2009,,
Ambessa,Ambessa,https://raw.githubusercontent.com/ibelion/omniwiki/main/cdn/leaguecontent/champions/Ambessa/images/Ambessa_icon.png,"Fighter, Assassin",Top,Energy,Melee,Female,Human,"Noxus, Piltover",2024,,
Amumu,Amumu,https://raw.githubusercontent.com/ibelion/omniwiki/main/cdn/leaguecontent/champions/Amumu/images/Amumu_icon.png,"Tank, Support",Jungle,Mana,Melee,Male,"Undead, Yordle",Shurima,2009,,
Anivia,Anivia,https://raw.githubusercontent.com/ibelion/omniwiki/main/cdn/leaguecontent/champions/Anivia/images/Anivia_icon.png,Mage,Middle,Mana,Ranged,Female,"God, Spirit",Freljord,2009,,
Annie,Annie,https://raw.githubusercontent.com/ibelion/omniwiki/main/cdn/leaguecontent/champions/Annie/images/Annie_icon.png,"Mage, Support",Middle,Mana,Ranged,Female,"Human, Magicborn","Noxus, Runeterra",2009,,
Aphelios,Aphelios,https://raw.githubusercontent.com/ibelion/omniwiki/main/cdn/leaguecontent/champions/Aphelios/images/Aphelios_icon.png,Marksman,Bottom,Mana,Ranged,Male,"Human, Spiritualist",Targon,2019,,
Ashe,Ashe,https://raw.githubusercontent.com/ibelion/omniwiki/main/cdn/leaguecontent/champions/Ashe/images/Ashe_icon.png,"Marksman, Support",Bottom,Mana,Ranged,Female,"Human, Iceborn",Freljord,2009,,
AurelionSol,Aurelion Sol,https://raw.githubusercontent.com/ibelion/omniwiki/main/cdn/leaguecontent/champions/AurelionSol/images/AurelionSol_icon.png,Mage,Middle,Mana,Ranged,Male,"Celestial, Dragon","Runeterra, Targon",2016,,
Aurora,Aurora,https://raw.githubusercontent.com/ibelion/omniwiki/main/cdn/leaguecontent/champions/Aurora/images/Aurora_icon.png,"Mage, Assassin",Middle,Mana,Ranged,Female,Vastayan,Freljord,2024,,
Azir,Azir,https://raw.githubusercontent.com/ibelion/omniwiki/main/cdn/leaguecontent/champions/Azir/images/Azir_icon.png,"Mage, Marksman",Middle,Mana,Ranged,Male,God-Warrior,Shurima,2014,,
Bard,Bard,https://raw.githubusercontent.com/ibelion/omniwiki/main/cdn/leaguecontent/champions/Bard/images/Bard_icon.png,"Support, Mage",Support,Mana,Ranged,Male,Celestial,Runeterra,2015,,
Belveth,Bel'Veth,https://raw.githubusercontent.com/ibelion/omniwiki/main/cdn/leaguecontent/champions/Belveth/images/Belveth_icon.png,Fighter,Jungle,Manaless,Melee,Female,Void-Being,Void,2022,,
Blitzcrank,Blitzcrank,https://raw.githubusercontent.com/ibelion/omniwiki/main/cdn/leaguecontent/champions/Blitzcrank/images/Blitzcrank_icon.png,"Tank, Support",Support,Mana,Melee,Other,Golem,Zaun,2009,,
Brand,Brand,https://raw.githubusercontent.com/ibelion/omniwiki/main/cdn/leaguecontent/champions/Brand/images/Brand_icon.png,"Mage, Support",Support,Mana,Ranged,Male,"Human, Magically Altered","Freljord, Runeterra",2011,,
Braum,Braum,https://raw.githubusercontent.com/ibelion/omniwiki/main/cdn/leaguecontent/champions/Braum/images/Braum_icon.png,"Tank, Support",Support,Mana,Melee,Male,"Human, Iceborn",Freljord,2014,,
Briar,Briar,https://raw.githubusercontent.com/ibelion/omniwiki/main/cdn/leaguecontent/champions/Briar/images/Briar_icon.png,"Fighter, Assassin",Jungle,"Manaless, Health",Melee,Female,Golem,Noxus,2023,,
Caitlyn,Caitlyn,https://raw.githubusercontent.com/ibelion/omniwiki/main/cdn/leaguecontent/champions/Caitlyn/images/Caitlyn_icon.png,Marksman,Bottom,Mana,Ranged,Female,Human,Piltover,2011,,
Camille,Camille,https://raw.githubusercontent.com/ibelion/omniwiki/main/cdn/leaguecontent/champions/Camille/images/Camille_icon.png,"Fighter, Assassin",Top,Mana,Melee,Female,"Cyborg, Human",Piltover,2016,,
Cassiopeia,Cassiopeia,https://raw.githubusercontent.com/ibelion/omniwiki/main/cdn/leaguecontent/champions/Cassiopeia/images/Cassiopeia_icon.png,Mage,"Middle, Top",Mana,Ranged,Female,"Human, Magically Altered","Noxus, Shurima",2010,,
Chogath,Cho'Gath,https://raw.githubusercontent.com/ibelion/omniwiki/main/cdn/leaguecontent/champions/Chogath/images/Chogath_icon.png,"Tank, Mage","Middle, Top",Mana,Melee,Male,Void-Being,Void,2009,,
Corki,Corki,https://raw.githubusercontent.com/ibelion/omniwiki/main/cdn/leaguecontent/champions/Corki/images/Corki_icon.png,"Marksman, Mage","Bottom, Middle",Mana,Ranged,Male,Yordle,"Bandle City, Piltover",2009,,
Darius,Darius,https://raw.githubusercontent.com/ibelion/omniwiki/main/cdn/leaguecontent/champions/Darius/images/Darius_icon.png,"Fighter, Tank","Jungle, Top",Mana,Melee,Male,Human,Noxus,2012,,
Diana,Diana,https://raw.githubusercontent.com/ibelion/omniwiki/main/cdn/leaguecontent/champions/Diana/images/Diana_icon.png,"Fighter, Assassin","Jungle, Middle",Mana,Melee,Female,"Aspect, Human",Targon,2012,,
Draven,Draven,https://raw.githubusercontent.com/ibelion/omniwiki/main/cdn/leaguecontent/champions/Draven/images/Draven_icon.png,Marksman,Bottom,Mana,Ranged,Male,Human,Noxus,2012,,
DrMundo,Dr. Mundo,https://raw.githubusercontent.com/ibelion/omniwiki/main/cdn/leaguecontent/champions/DrMundo/images/DrMundo_icon.png,"Tank, Fighter",Top,Health,Melee,Male,"Chemically Altered, Human",Zaun,2009,,
Ekko,Ekko,https://raw.githubusercontent.com/ibelion/omniwiki/main/cdn/leaguecontent/champions/Ekko/images/Ekko_icon.png,"Assassin, Mage","Jungle, Middle",Mana,Melee,Male,Human,Zaun,2015,,
Elise,Elise,https://raw.githubusercontent.com/ibelion/omniwiki/main/cdn/leaguecontent/champions/Elise/images/Elise_icon.png,"Assassin, Mage","Jungle, Support",Mana,"Melee, Ranged",Female,"Human, Magically Altered","Noxus, Shadow Isles",2012,,
Evelynn,Evelynn,https://raw.githubusercontent.com/ibelion/omniwiki/main/cdn/leaguecontent/champions/Evelynn/images/Evelynn_icon.png,"Assassin, Mage",Jungle,Mana,Melee,Female,"Demon, Spirit",Runeterra,2009,,
Ezreal,Ezreal,https://raw.githubusercontent.com/ibelion/omniwiki/main/cdn/leaguecontent/champions/Ezreal/images/Ezreal_icon.png,"Marksman, Mage",Bottom,Mana,Ranged,Male,"Human, Magicborn",Piltover,2010,,
Fiddlesticks,Fiddlesticks,https://raw.githubusercontent.com/ibelion/omniwiki/main/cdn/leaguecontent/champions/Fiddlesticks/images/Fiddlesticks_icon.png,"Mage, Support","Jungle, Support",Mana,Ranged,Other,"Demon, Spirit",Runeterra,2009,,
Fiora,Fiora,https://raw.githubusercontent.com/ibelion/omniwiki/main/cdn/leaguecontent/champions/Fiora/images/Fiora_icon.png,"Fighter, Assassin",Top,Mana,Melee,Female,Human,Demacia,2012,,
Fizz,Fizz,https://raw.githubusercontent.com/ibelion/omniwiki/main/cdn/leaguecontent/champions/Fizz/images/Fizz_icon.png,"Assassin, Fighter",Middle,Mana,Melee,Male,Yordle,Bilgewater,2011,,
Galio,Galio,https://raw.githubusercontent.com/ibelion/omniwiki/main/cdn/leaguecontent/champions/Galio/images/Galio_icon.png,"Tank, Mage",Middle,Mana,Melee,Male,Golem,Demacia,2010,,
Gangplank,Gangplank,https://raw.githubusercontent.com/ibelion/omniwiki/main/cdn/leaguecontent/champions/Gangplank/images/Gangplank_icon.png,Fighter,Top,Mana,Melee,Male,Human,Bilgewater,2009,,
Garen,Garen,https://raw.githubusercontent.com/ibelion/omniwiki/main/cdn/leaguecontent/champions/Garen/images/Garen_icon.png,"Fighter, Tank",Top,None,Melee,Male,Human,Demacia,2010,,
Gnar,Gnar,https://raw.githubusercontent.com/ibelion/omniwiki/main/cdn/leaguecontent/champions/Gnar/images/Gnar_icon.png,"Fighter, Tank",Top,Rage,"Melee, Ranged",Male,Yordle,Freljord,2014,,
Gragas,Gragas,https://raw.githubusercontent.com/ibelion/omniwiki/main/cdn/leaguecontent/champions/Gragas/images/Gragas_icon.png,"Fighter, Mage","Jungle, Top",Mana,Melee,Male,"Human, Iceborn",Freljord,2010,,
Graves,Graves,https://raw.githubusercontent.com/ibelion/omniwiki/main/cdn/leaguecontent/champions/Graves/images/Graves_icon.png,Marksman,Jungle,Mana,Ranged,Male,Human,Bilgewater,2011,,
Gwen,Gwen,https://raw.githubusercontent.com/ibelion/omniwiki/main/cdn/leaguecontent/champions/Gwen/images/Gwen_icon.png,Fighter,"Jungle, Top",Mana,Melee,Female,"Human, Magically Altered","Camavor, Shadow Isles",2021,,
Hecarim,Hecarim,https://raw.githubusercontent.com/ibelion/omniwiki/main/cdn/leaguecontent/champions/Hecarim/images/Hecarim_icon.png,"Fighter, Tank",Jungle,Mana,Melee,Male,Undead,"Camavor, Shadow Isles",2012,,
Heimerdinger,Heimerdinger,https://raw.githubusercontent.com/ibelion/omniwiki/main/cdn/leaguecontent/champions/Heimerdinger/images/Heimerdinger_icon.png,"Mage, Support","Middle, Top",Mana,Ranged,Male,Yordle,Piltover,2009,,
Hwei,Hwei,https://raw.githubusercontent.com/ibelion/omniwiki/main/cdn/leaguecontent/champions/Hwei/images/Hwei_icon.png,"Mage, Support",Middle,Mana,Ranged,Male,"Human, Magicborn",Ionia,2023,,
Illaoi,Illaoi,https://raw.githubusercontent.com/ibelion/omniwiki/main/cdn/leaguecontent/champions/Illaoi/images/Illaoi_icon.png,"Fighter, Tank",Top,Mana,Melee,Female,"Human, Spiritualist",Bilgewater,2015,,
Irelia,Irelia,https://raw.githubusercontent.com/ibelion/omniwiki/main/cdn/leaguecontent/champions/Irelia/images/Irelia_icon.png,"Fighter, Assassin","Middle, Top",Mana,Melee,Female,"Human, Spiritualist",Ionia,2010,,
Ivern,Ivern,https://raw.githubusercontent.com/ibelion/omniwiki/main/cdn/leaguecontent/champions/Ivern/images/Ivern_icon.png,"Support, Mage",Jungle,Mana,Ranged,Male,"Human, Magically Altered","Freljord, Ionia",2016,,
Janna,Janna,https://raw.githubusercontent.com/ibelion/omniwiki/main/cdn/leaguecontent/champions/Janna/images/Janna_icon.png,"Support, Mage",Support,Mana,Ranged,Female,"God, Spirit","Shurima, Zaun",2009,,
JarvanIV,Jarvan IV,https://raw.githubusercontent.com/ibelion/omniwiki/main/cdn/leaguecontent/champions/JarvanIV/images/JarvanIV_icon.png,"Fighter, Tank",Jungle,Mana,Melee,Male,Human,Demacia,2011,,
Jax,Jax,https://raw.githubusercontent.com/ibelion/omniwiki/main/cdn/leaguecontent/champions/Jax/images/Jax_icon.png,Fighter,"Jungle, Top",Mana,Melee,Male,Unknown,"Icathia, Runeterra, Shurima",2009,,
Jayce,Jayce,https://raw.githubusercontent.com/ibelion/omniwiki/main/cdn/leaguecontent/champions/Jayce/images/Jayce_icon.png,"Fighter, Marksman",Top,Mana,"Melee, Ranged",Male,Human,Piltover,2012,,
Jhin,Jhin,https://raw.githubusercontent.com/ibelion/omniwiki/main/cdn/leaguecontent/champions/Jhin/images/Jhin_icon.png,"Marksman, Mage",Bottom,Mana,Ranged,Male,"Human, Spiritualist",Ionia,2016,,
Jinx,Jinx,https://raw.githubusercontent.com/ibelion/omniwiki/main/cdn/leaguecontent/champions/Jinx/images/Jinx_icon.png,Marksman,Bottom,Mana,Ranged,Female,"Chemically Altered, Human",Zaun,2013,,
Kaisa,Kai'Sa,https://raw.githubusercontent.com/ibelion/omniwiki/main/cdn/leaguecontent/champions/Kaisa/images/Kaisa_icon.png,"Marksman, Mage",Bottom,Mana,Ranged,Female,"Human, Void-Being","Shurima, Void",2018,,
Kalista,Kalista,https://raw.githubusercontent.com/ibelion/omniwiki/main/cdn/leaguecontent/champions/Kalista/images/Kalista_icon.png,Marksman,Bottom,Mana,Ranged,Female,Undead,"Camavor, Shadow Isles",2014,,
Karma,Karma,https://raw.githubusercontent.com/ibelion/omniwiki/main/cdn/leaguecontent/champions/Karma/images/Karma_icon.png,"Mage, Support",Support,Mana,Ranged,Female,"Human, Spiritualist",Ionia,2011,,
Karthus,Karthus,https://raw.githubusercontent.com/ibelion/omniwiki/main/cdn/leaguecontent/champions/Karthus/images/Karthus_icon.png,Mage,Jungle,Mana,Ranged,Male,Undead,"Noxus, Shadow Isles",2009,,
Kassadin,Kassadin,https://raw.githubusercontent.com/ibelion/omniwiki/main/cdn/leaguecontent/champions/Kassadin/images/Kassadin_icon.png,"Assassin, Mage",Middle,Mana,Melee,Male,"Human, Void-Being","Shurima, Void",2009,,
Katarina,Katarina,https://raw.githubusercontent.com/ibelion/omniwiki/main/cdn/leaguecontent/champions/Katarina/images/Katarina_icon.png,"Assassin, Mage",Middle,Manaless,Melee,Female,Human,Noxus,2009,,
Kayle,Kayle,https://raw.githubusercontent.com/ibelion/omniwiki/main/cdn/leaguecontent/champions/Kayle/images/Kayle_icon.png,"Mage, Marksman",Top,Mana,"Melee, Ranged",Female,"Aspect, Human, Magically Altered","Demacia, Targon",2009,,
Kayn,Kayn,https://raw.githubusercontent.com/ibelion/omniwiki/main/cdn/leaguecontent/champions/Kayn/images/Kayn_icon.png,"Fighter, Assassin",Jungle,Mana,Melee,Male,"Darkin, Human, Magically Altered","Ionia, Noxus, Runeterra, Shurima",2017,,
Kennen,Kennen,https://raw.githubusercontent.com/ibelion/omniwiki/main/cdn/leaguecontent/champions/Kennen/images/Kennen_icon.png,Mage,"Middle, Top",Energy,Ranged,Male,Yordle,Ionia,2010,,
Khazix,Kha'Zix,https://raw.githubusercontent.com/ibelion/omniwiki/main/cdn/leaguecontent/champions/Khazix/images/Khazix_icon.png,Assassin,Jungle,Mana,Melee,Male,Void-Being,Void,2012,,
Kindred,Kindred,https://raw.githubusercontent.com/ibelion/omniwiki/main/cdn/leaguecontent/champions/Kindred/images/Kindred_icon.png,Marksman,Jungle,Mana,Ranged,Other,"God, Spirit",Runeterra,2015,,
Kled,Kled,https://raw.githubusercontent.com/ibelion/omniwiki/main/cdn/leaguecontent/champions/Kled/images/Kled_icon.png,Fighter,Top,Courage,Melee,Male,Yordle,Noxus,2016,,
KogMaw,Kog'Maw,https://raw.githubusercontent.com/ibelion/omniwiki/main/cdn/leaguecontent/champions/KogMaw/images/KogMaw_icon.png,"Marksman, Mage",Bottom,Mana,Ranged,Male,Void-Being,Void,2010,,
KSante,K'Sante,https://raw.githubusercontent.com/ibelion/omniwiki/main/cdn/leaguecontent/champions/KSante/images/KSante_icon.png,"Tank, Fighter",Top,Mana,Melee,Male,Human,Shurima,2022,,
Leblanc,LeBlanc,https://raw.githubusercontent.com/ibelion/omniwiki/main/cdn/leaguecontent/champions/Leblanc/images/Leblanc_icon.png,"Assassin, Mage",Middle,Mana,Ranged,Female,"Human, Magically Altered",Noxus,2010,,
LeeSin,Lee Sin,https://raw.githubusercontent.com/ibelion/omniwiki/main/cdn/leaguecontent/champions/LeeSin/images/LeeSin_icon.png,"Fighter, Assassin",Jungle,Energy,Melee,Male,"Human, Spiritualist",Ionia,2011,,
Leona,Leona,https://raw.githubusercontent.com/ibelion/omniwiki/main/cdn/leaguecontent/champions/Leona/images/Leona_icon.png,"Tank, Support",Support,Mana,Melee,Female,"Aspect, Human",Targon,2011,,
Lillia,Lillia,https://raw.githubusercontent.com/ibelion/omniwiki/main/cdn/leaguecontent/champions/Lillia/images/Lillia_icon.png,"Fighter, Mage",Jungle,Mana,Ranged,Female,Spirit,Ionia,2020,,
Lissandra,Lissandra,https://raw.githubusercontent.com/ibelion/omniwiki/main/cdn/leaguecontent/champions/Lissandra/images/Lissandra_icon.png,Mage,Middle,Mana,Ranged,Female,"Human, Iceborn",Freljord,2013,,
Lucian,Lucian,https://raw.githubusercontent.com/ibelion/omniwiki/main/cdn/leaguecontent/champions/Lucian/images/Lucian_icon.png,"Marksman, Assassin",Bottom,Mana,Ranged,Male,Human,"Demacia, Shadow Isles",2013,,
Lulu,Lulu,https://raw.githubusercontent.com/ibelion/omniwiki/main/cdn/leaguecontent/champions/Lulu/images/Lulu_icon.png,"Support, Mage",Support,Mana,Ranged,Female,Yordle,Bandle City,2012,,
Lux,Lux,https://raw.githubusercontent.com/ibelion/omniwiki/main/cdn/leaguecontent/champions/Lux/images/Lux_icon.png,"Mage, Support","Middle, Support",Mana,Ranged,Female,"Human, Magicborn",Demacia,2010,,
Malphite,Malphite,https://raw.githubusercontent.com/ibelion/omniwiki/main/cdn/leaguecontent/champions/Malphite/images/Malphite_icon.png,"Tank, Mage",Top,Mana,Melee,Male,Golem,"Ixtal, Shurima",2009,,
Malzahar,Malzahar,https://raw.githubusercontent.com/ibelion/omniwiki/main/cdn/leaguecontent/champions/Malzahar/images/Malzahar_icon.png,Mage,Middle,Mana,Ranged,Male,Void-Being,"Shurima, Void",2010,,
Maokai,Maokai,https://raw.githubusercontent.com/ibelion/omniwiki/main/cdn/leaguecontent/champions/Maokai/images/Maokai_icon.png,"Tank, Support",Support,Mana,Melee,Male,Spirit,Shadow Isles,2011,,
MasterYi,Master Yi,https://raw.githubusercontent.com/ibelion/omniwiki/main/cdn/leaguecontent/champions/MasterYi/images/MasterYi_icon.png,"Fighter, Assassin",Jungle,Mana,Melee,Male,"Human, Spiritualist",Ionia,2009,,
Mel,Mel,https://raw.githubusercontent.com/ibelion/omniwiki/main/cdn/leaguecontent/champions/Mel/images/Mel_icon.png,"Mage, Support","Middle, Support",Mana,Ranged,Female,"Human, Magically Altered","Noxus, Piltover",2025,,
Milio,Milio,https://raw.githubusercontent.com/ibelion/omniwiki/main/cdn/leaguecontent/champions/Milio/images/Milio_icon.png,"Support, Mage",Support,Mana,Ranged,Male,"Human, Magicborn",Ixtal,2023,,
MissFortune,Miss Fortune,https://raw.githubusercontent.com/ibelion/omniwiki/main/cdn/leaguecontent/champions/MissFortune/images/MissFortune_icon.png,"Marksman, Mage",Bottom,Mana,Ranged,Female,Human,Bilgewater,2010,,
MonkeyKing,Wukong,https://raw.githubusercontent.com/ibelion/omniwiki/main/cdn/leaguecontent/champions/MonkeyKing/images/MonkeyKing_icon.png,"Fighter, Tank",Jungle,Mana,Melee,Male,Vastayan,Ionia,2011,,
Mordekaiser,Mordekaiser,https://raw.githubusercontent.com/ibelion/omniwiki/main/cdn/leaguecontent/champions/Mordekaiser/images/Mordekaiser_icon.png,"Fighter, Mage",Top,Shield,Melee,Male,Revenant,"Noxus, Shadow Isles",2010,,
Morgana,Morgana,https://raw.githubusercontent.com/ibelion/omniwiki/main/cdn/leaguecontent/champions/Morgana/images/Morgana_icon.png,"Support, Mage",Support,Mana,Ranged,Female,"Aspect, Human, Magically Altered","Demacia, Targon",2009,,
Naafiri,Naafiri,https://raw.githubusercontent.com/ibelion/omniwiki/main/cdn/leaguecontent/champions/Naafiri/images/Naafiri_icon.png,"Assassin, Fighter","Jungle, Middle",Mana,Melee,Female,"Darkin, Dog",Shurima,2023,,
Nami,Nami,https://raw.githubusercontent.com/ibelion/omniwiki/main/cdn/leaguecontent/champions/Nami/images/Nami_icon.png,"Support, Mage",Support,Mana,Ranged,Female,Vastayan,"Bilgewater, Runeterra",2012,,
Nasus,Nasus,https://raw.githubusercontent.com/ibelion/omniwiki/main/cdn/leaguecontent/champions/Nasus/images/Nasus_icon.png,"Fighter, Tank",Top,Mana,Melee,Male,God-Warrior,Shurima,2009,,
Nautilus,Nautilus,https://raw.githubusercontent.com/ibelion/omniwiki/main/cdn/leaguecontent/champions/Nautilus/images/Nautilus_icon.png,"Tank, Support",Support,Mana,Melee,Male,Revenant,Bilgewater,2012,,
Neeko,Neeko,https://raw.githubusercontent.com/ibelion/omniwiki/main/cdn/leaguecontent/champions/Neeko/images/Neeko_icon.png,"Mage, Support","Middle, Support",Mana,Ranged,Female,Vastayan,Ixtal,2018,,
Nidalee,Nidalee,https://raw.githubusercontent.com/ibelion/omniwiki/main/cdn/leaguecontent/champions/Nidalee/images/Nidalee_icon.png,"Assassin, Mage",Jungle,Mana,"Melee, Ranged",Female,"Human, Spiritualist",Ixtal,2009,,
Nilah,Nilah,https://raw.githubusercontent.com/ibelion/omniwiki/main/cdn/leaguecontent/champions/Nilah/images/Nilah_icon.png,"Fighter, Assassin",Bottom,Mana,Melee,Female,"Human, Magically Altered",Bilgewater,2022,,
Nocturne,Nocturne,https://raw.githubusercontent.com/ibelion/omniwiki/main/cdn/leaguecontent/champions/Nocturne/images/Nocturne_icon.png,"Fighter, Assassin",Jungle,Mana,Melee,Male,"Demon, Spirit",Runeterra,2011,,
Nunu,Nunu & Willump,https://raw.githubusercontent.com/ibelion/omniwiki/main/cdn/leaguecontent/champions/Nunu/images/Nunu_icon.png,"Tank, Mage",Jungle,Mana,Melee,Male,"Human, Yeti",Freljord,2009,,
Olaf,Olaf,https://raw.githubusercontent.com/ibelion/omniwiki/main/cdn/leaguecontent/champions/Olaf/images/Olaf_icon.png,"Fighter, Tank",Top,Mana,Melee,Male,"Human, Iceborn",Freljord,2010,,
Orianna,Orianna,https://raw.githubusercontent.com/ibelion/omniwiki/main/cdn/leaguecontent/champions/Orianna/images/Orianna_icon.png,"Mage, Support",Middle,Mana,Ranged,Female,Golem,Piltover,2011,,
Ornn,Ornn,https://raw.githubusercontent.com/ibelion/omniwiki/main/cdn/leaguecontent/champions/Ornn/images/Ornn_icon.png,Tank,Top,Mana,Melee,Male,"God, Spirit",Freljord,2017,,
Pantheon,Pantheon,https://raw.githubusercontent.com/ibelion/omniwiki/main/cdn/leaguecontent/champions/Pantheon/images/Pantheon_icon.png,"Fighter, Assassin","Jungle, Support, Top",Mana,Melee,Male,"Aspect, Human",Targon,2011,,
Poppy,Poppy,https://raw.githubusercontent.com/ibelion/omniwiki/main/cdn/leaguecontent/champions/Poppy/images/Poppy_icon.png,"Tank, Fighter","Jungle, Support, Top",Mana,Melee,Female,Yordle,Demacia,2010,,
Pyke,Pyke,https://raw.githubusercontent.com/ibelion/omniwiki/main/cdn/leaguecontent/champions/Pyke/images/Pyke_icon.png,"Support, Assassin",Support,Mana,Melee,Male,Revenant,Bilgewater,2018,,
Qiyana,Qiyana,https://raw.githubusercontent.com/ibelion/omniwiki/main/cdn/leaguecontent/champions/Qiyana/images/Qiyana_icon.png,Assassin,Middle,Mana,Melee,Female,"Human, Magicborn",Ixtal,2019,,
Quinn,Quinn,https://raw.githubusercontent.com/ibelion/omniwiki/main/cdn/leaguecontent/champions/Quinn/images/Quinn_icon.png,"Marksman, Assassin","Middle, Top",Mana,Ranged,Female,Human,Demacia,2013,,
Rakan,Rakan,https://raw.githubusercontent.com/ibelion/omniwiki/main/cdn/leaguecontent/champions/Rakan/images/Rakan_icon.png,Support,Support,Mana,Ranged,Male,Vastayan,Ionia,2017,,
Rammus,Rammus,https://raw.githubusercontent.com/ibelion/omniwiki/main/cdn/leaguecontent/champions/Rammus/images/Rammus_icon.png,Tank,Jungle,Mana,Melee,Male,Unknown,Shurima,2009,,
RekSai,Rek'Sai,https://raw.githubusercontent.com/ibelion/omniwiki/main/cdn/leaguecontent/champions/RekSai/images/RekSai_icon.png,"Fighter, Tank",Jungle,Rage,Melee,Female,Void-Being,"Shurima, Void",2014,,
Rell,Rell,https://raw.githubusercontent.com/ibelion/omniwiki/main/cdn/leaguecontent/champions/Rell/images/Rell_icon.png,"Tank, Support",Support,Mana,Melee,Female,"Human, Magically Altered, Magicborn",Noxus,2020,,
Renata,Renata Glasc,https://raw.githubusercontent.com/ibelion/omniwiki/main/cdn/leaguecontent/champions/Renata/images/Renata_icon.png,"Support, Mage",Support,Mana,Ranged,Female,"Chemically Altered, Human",Zaun,2022,,
Renekton,Renekton,https://raw.githubusercontent.com/ibelion/omniwiki/main/cdn/leaguecontent/champions/Renekton/images/Renekton_icon.png,"Fighter, Tank",Top,Fury,Melee,Male,God-Warrior,Shurima,2011,,
Rengar,Rengar,https://raw.githubusercontent.com/ibelion/omniwiki/main/cdn/leaguecontent/champions/Rengar/images/Rengar_icon.png,"Assassin, Fighter",Jungle,Ferocity,Melee,Male,Vastayan,"Ixtal, Shurima",2012,,
Riven,Riven,https://raw.githubusercontent.com/ibelion/omniwiki/main/cdn/leaguecontent/champions/Riven/images/Riven_icon.png,"Fighter, Assassin",Top,Manaless,Melee,Female,Human,"Ionia, Noxus",2011,,
Rumble,Rumble,https://raw.githubusercontent.com/ibelion/omniwiki/main/cdn/leaguecontent/champions/Rumble/images/Rumble_icon.png,"Fighter, Mage",Top,Heat,Melee,Male,Yordle,Bandle City,2011,,
Ryze,Ryze,https://raw.githubusercontent.com/ibelion/omniwiki/main/cdn/leaguecontent/champions/Ryze/images/Ryze_icon.png,Mage,"Middle, Top",Mana,Ranged,Male,"Human, Magically Altered",Runeterra,2009,,
Samira,Samira,https://raw.githubusercontent.com/ibelion/omniwiki/main/cdn/leaguecontent/champions/Samira/images/Samira_icon.png,"Marksman, Assassin",Bottom,Mana,Ranged,Female,Human,"Noxus, Shurima",2020,,
Sejuani,Sejuani,https://raw.githubusercontent.com/ibelion/omniwiki/main/cdn/leaguecontent/champions/Sejuani/images/Sejuani_icon.png,Tank,Jungle,Mana,Melee,Female,"Human, Iceborn",Freljord,2012,,
Senna,Senna,https://raw.githubusercontent.com/ibelion/omniwiki/main/cdn/leaguecontent/champions/Senna/images/Senna_icon.png,"Support, Marksman",Support,Mana,Ranged,Female,"Human, Undead",Shadow Isles,2019,,
Seraphine,Seraphine,https://raw.githubusercontent.com/ibelion/omniwiki/main/cdn/leaguecontent/champions/Seraphine/images/Seraphine_icon.png,"Support, Mage",Support,Mana,Ranged,Female,"Human, Magicborn","Piltover, Zaun",2020,,
Sett,Sett,https://raw.githubusercontent.com/ibelion/omniwiki/main/cdn/leaguecontent/champions/Sett/images/Sett_icon.png,"Fighter, Tank",Top,Grit,Melee,Male,"Human, Vastayan",Ionia,2020,,
Shaco,Shaco,https://raw.githubusercontent.com/ibelion/omniwiki/main/cdn/leaguecontent/champions/Shaco/images/Shaco_icon.png,Assassin,"Jungle, Support",Mana,Melee,Male,Spirit,Runeterra,2009,,
Shen,Shen,https://raw.githubusercontent.com/ibelion/omniwiki/main/cdn/leaguecontent/champions/Shen/images/Shen_icon.png,Tank,"Support, Top",Energy,Melee,Male,"Human, Spiritualist",Ionia,2010,,
Shyvana,Shyvana,https://raw.githubusercontent.com/ibelion/omniwiki/main/cdn/leaguecontent/champions/Shyvana/images/Shyvana_icon.png,"Fighter, Mage",Jungle,Fury,Melee,Female,"Dragon, Magically Altered",Demacia,2011,,
Singed,Singed,https://raw.githubusercontent.com/ibelion/omniwiki/main/cdn/leaguecontent/champions/Singed/images/Singed_icon.png,"Tank, Mage",Top,Mana,Melee,Male,"Chemically Altered, Human","Piltover, Zaun",2009,,
Sion,Sion,https://raw.githubusercontent.com/ibelion/omniwiki/main/cdn/leaguecontent/champions/Sion/images/Sion_icon.png,"Tank, Fighter",Top,Mana,Melee,Male,Revenant,Noxus,2009,,
Sivir,Sivir,https://raw.githubusercontent.com/ibelion/omniwiki/main/cdn/leaguecontent/champions/Sivir/images/Sivir_icon.png,Marksman,Bottom,Mana,Ranged,Female,Human,Shurima,2009,,
Skarner,Skarner,https://raw.githubusercontent.com/ibelion/omniwiki/main/cdn/leaguecontent/champions/Skarner/images/Skarner_icon.png,"Tank, Fighter",Jungle,Mana,Melee,Male,Brackern,Ixtal,2011,,
Smolder,Smolder,https://raw.githubusercontent.com/ibelion/omniwiki/main/cdn/leaguecontent/champions/Smolder/images/Smolder_icon.png,"Marksman, Mage",Bottom,Mana,Ranged,Male,Dragon,"Camavor, Noxus",2024,,
Sona,Sona,https://raw.githubusercontent.com/ibelion/omniwiki/main/cdn/leaguecontent/champions/Sona/images/Sona_icon.png,"Support, Mage",Support,Mana,Ranged,Female,"Human, Magicborn","Demacia, Ionia",2010,,
Soraka,Soraka,https://raw.githubusercontent.com/ibelion/omniwiki/main/cdn/leaguecontent/champions/Soraka/images/Soraka_icon.png,"Support, Mage",Support,Mana,Ranged,Female,Celestial,"Ionia, Targon",2009,,
Swain,Swain,https://raw.githubusercontent.com/ibelion/omniwiki/main/cdn/leaguecontent/champions/Swain/images/Swain_icon.png,"Mage, Support",Support,Mana,Ranged,Male,"Human, Magically Altered",Noxus,2010,,
Sylas,Sylas,https://raw.githubusercontent.com/ibelion/omniwiki/main/cdn/leaguecontent/champions/Sylas/images/Sylas_icon.png,"Mage, Assassin",Middle,Mana,Melee,Male,"Human, Magicborn","Demacia, Freljord",2019,,
Syndra,Syndra,https://raw.githubusercontent.com/ibelion/omniwiki/main/cdn/leaguecontent/champions/Syndra/images/Syndra_icon.png,Mage,Middle,Mana,Ranged,Female,"Human, Magicborn",Ionia,2012,,
TahmKench,Tahm Kench,https://raw.githubusercontent.com/ibelion/omniwiki/main/cdn/leaguecontent/champions/TahmKench/images/TahmKench_icon.png,"Tank, Support","Support, Top",Mana,Melee,Male,"Demon, Spirit","Bilgewater, Runeterra",2015,,
Taliyah,Taliyah,https://raw.githubusercontent.com/ibelion/omniwiki/main/cdn/leaguecontent/champions/Taliyah/images/Taliyah_icon.png,"Mage, Support",Middle,Mana,Ranged,Female,"Human, Magicborn",Shurima,2016,,
Talon,Talon,https://raw.githubusercontent.com/ibelion/omniwiki/main/cdn/leaguecontent/champions/Talon/images/Talon_icon.png,Assassin,"Jungle, Middle",Mana,Melee,Male,Human,Noxus,2011,,
Taric,Taric,https://raw.githubusercontent.com/ibelion/omniwiki/main/cdn/leaguecontent/champions/Taric/images/Taric_icon.png,"Support, Tank",Support,Mana,Melee,Male,"Aspect, Human","Demacia, Targon",2009,,
Teemo,Teemo,https://raw.githubusercontent.com/ibelion/omniwiki/main/cdn/leaguecontent/champions/Teemo/images/Teemo_icon.png,"Marksman, Mage",Top,Mana,Ranged,Male,Yordle,Bandle City,2009,,
Thresh,Thresh,https://raw.githubusercontent.com/ibelion/omniwiki/main/cdn/leaguecontent/champions/Thresh/images/Thresh_icon.png,"Support, Tank",Support,Mana,Ranged,Male,Undead,Shadow Isles,2013,,
Tristana,Tristana,https://raw.githubusercontent.com/ibelion/omniwiki/main/cdn/leaguecontent/champions/Tristana/images/Tristana_icon.png,"Marksman, Assassin",Bottom,Mana,Ranged,Female,Yordle,Bandle City,2009,,
Trundle,Trundle,https://raw.githubusercontent.com/ibelion/omniwiki/main/cdn/leaguecontent/champions/Trundle/images/Trundle_icon.png,"Fighter, Tank","Jungle, Top",Mana,Melee,Male,"Iceborn, Troll",Freljord,2010,,
Tryndamere,Tryndamere,https://raw.githubusercontent.com/ibelion/omniwiki/main/cdn/leaguecontent/champions/Tryndamere/images/Tryndamere_icon.png,"Fighter, Assassin",Top,Fury,Melee,Male,"Human, Magically Altered",Freljord,2009,,
TwistedFate,Twisted Fate,https://raw.githubusercontent.com/ibelion/omniwiki/main/cdn/leaguecontent/champions/TwistedFate/images/TwistedFate_icon.png,"Mage, Marksman",Middle,Mana,Ranged,Male,"Human, Magicborn",Bilgewater,2009,,
Twitch,Twitch,https://raw.githubusercontent.com/ibelion/omniwiki/main/cdn/leaguecontent/champions/Twitch/images/Twitch_icon.png,"Marksman, Assassin",Bottom,Mana,Ranged,Male,"Chemically Altered, Rat",Zaun,2009,,
Udyr,Udyr,https://raw.githubusercontent.com/ibelion/omniwiki/main/cdn/leaguecontent/champions/Udyr/images/Udyr_icon.png,"Fighter, Tank",Jungle,Mana,Melee,Male,"Human, Spiritualist","Freljord, Ionia",2009,,
Urgot,Urgot,https://raw.githubusercontent.com/ibelion/omniwiki/main/cdn/leaguecontent/champions/Urgot/images/Urgot_icon.png,"Fighter, Tank",Top,Mana,Ranged,Male,"Chemically Altered, Cyborg, Human","Noxus, Zaun",2010,,
Varus,Varus,https://raw.githubusercontent.com/ibelion/omniwiki/main/cdn/leaguecontent/champions/Varus/images/Varus_icon.png,"Marksman, Mage",Bottom,Mana,Ranged,Male,"Darkin, Human","Ionia, Runeterra, Shurima",2012,,
Vayne,Vayne,https://raw.githubusercontent.com/ibelion/omniwiki/main/cdn/leaguecontent/champions/Vayne/images/Vayne_icon.png,"Marksman, Assassin",Bottom,Mana,Ranged,Female,Human,Demacia,2011,,
Veigar,Veigar,https://raw.githubusercontent.com/ibelion/omniwiki/main/cdn/leaguecontent/champions/Veigar/images/Veigar_icon.png,Mage,Middle,Mana,Ranged,Male,Yordle,"Bandle City, Runeterra, Shadow Isles",2009,,
Velkoz,Vel'Koz,https://raw.githubusercontent.com/ibelion/omniwiki/main/cdn/leaguecontent/champions/Velkoz/images/Velkoz_icon.png,"Mage, Support","Middle, Support",Mana,Ranged,Male,Void-Being,Void,2014,,
Vex,Vex,https://raw.githubusercontent.com/ibelion/omniwiki/main/cdn/leaguecontent/champions/Vex/images/Vex_icon.png,Mage,Middle,Mana,Ranged,Female,Yordle,"Bandle City, Shadow Isles",2021,,
Vi,Vi,https://raw.githubusercontent.com/ibelion/omniwiki/main/cdn/leaguecontent/champions/Vi/images/Vi_icon.png,"Fighter, Assassin",Jungle,Mana,Melee,Female,Human,"Piltover, Zaun",2012,,
Viego,Viego,https://raw.githubusercontent.com/ibelion/omniwiki/main/cdn/leaguecontent/champions/Viego/images/Viego_icon.png,"Fighter, Assassin",Jungle,None,Melee,Male,Undead,"Camavor, Shadow Isles",2021,,
Viktor,Viktor,https://raw.githubusercontent.com/ibelion/omniwiki/main/cdn/leaguecontent/champions/Viktor/images/Viktor_icon.png,Mage,Middle,Mana,Ranged,Male,"Cyborg, Human","Piltover, Zaun",2011,,
Vladimir,Vladimir,https://raw.githubusercontent.com/ibelion/omniwiki/main/cdn/leaguecontent/champions/Vladimir/images/Vladimir_icon.png,"Mage, Fighter","Middle, Top","Manaless, Health",Ranged,Male,"Human, Magically Altered","Camavor, Noxus, Shadow Isles",2010,,
Volibear,Volibear,https://raw.githubusercontent.com/ibelion/omniwiki/main/cdn/leaguecontent/champions/Volibear/images/Volibear_icon.png,"Fighter, Tank","Jungle, Top",Mana,Melee,Male,"God, Spirit",Freljord,2011,,
Warwick,Warwick,https://raw.githubusercontent.com/ibelion/omniwiki/main/cdn/leaguecontent/champions/Warwick/images/Warwick_icon.png,"Fighter, Tank","Jungle, Top",Mana,Melee,Male,"Chemically Altered, Cyborg, Human",Zaun,2009,,
Xayah,Xayah,https://raw.githubusercontent.com/ibelion/omniwiki/main/cdn/leaguecontent/champions/Xayah/images/Xayah_icon.png,Marksman,Bottom,Mana,Ranged,Female,Vastayan,Ionia,2017,,
Xerath,Xerath,https://raw.githubusercontent.com/ibelion/omniwiki/main/cdn/leaguecontent/champions/Xerath/images/Xerath_icon.png,"Mage, Support","Middle, Support",Mana,Ranged,Male,Baccai,Shurima,2011,,
XinZhao,Xin Zhao,https://raw.githubusercontent.com/ibelion/omniwiki/main/cdn/leaguecontent/champions/XinZhao/images/XinZhao_icon.png,"Fighter, Tank",Jungle,Mana,Melee,Male,Human,"Demacia, Ionia, Noxus",2010,,
Yasuo,Yasuo,https://raw.githubusercontent.com/ibelion/omniwiki/main/cdn/leaguecontent/champions/Yasuo/images/Yasuo_icon.png,"Fighter, Assassin",Middle,Flow,Melee,Male,"Human, Magicborn",Ionia,2013,,
Yone,Yone,https://raw.githubusercontent.com/ibelion/omniwiki/main/cdn/leaguecontent/champions/Yone/images/Yone_icon.png,"Fighter, Assassin","Middle, Top",Manaless,Melee,Male,"Human, Magically Altered",Ionia,2020,,
Yorick,Yorick,https://raw.githubusercontent.com/ibelion/omniwiki/main/cdn/leaguecontent/champions/Yorick/images/Yorick_icon.png,"Fighter, Tank","Jungle, Top",Mana,Melee,Male,"Human, Magically Altered",Shadow Isles,2011,,
Yunara,Yunara,https://raw.githubusercontent.com/ibelion/omniwiki/main/cdn/leaguecontent/champions/Yunara/images/Yunara_icon.png,Marksman,Bottom,Mana,Ranged,Female,"Human, Spiritualist",Ionia,2025,,
Yuumi,Yuumi,https://raw.githubusercontent.com/ibelion/omniwiki/main/cdn/leaguecontent/champions/Yuumi/images/Yuumi_icon.png,"Support, Mage",Support,Mana,Ranged,Female,"Cat, Magically Altered",Bandle City,2019,,
Zaahen,Zaahen,https://raw.githubusercontent.com/ibelion/omniwiki/main/cdn/leaguecontent/champions/Zaahen/images/Zaahen_icon.png,"Fighter, Assassin","Top, Jungle",Mana,Melee,Male,Darkin,"Shurima, Ionia, Runeterra",2025,,
Zac,Zac,https://raw.githubusercontent.com/ibelion/omniwiki/main/cdn/leaguecontent/champions/Zac/images/Zac_icon.png,"Tank, Fighter",Jungle,Health,Melee,Male,Golem,Zaun,2013,,
Zed,Zed,https://raw.githubusercontent.com/ibelion/omniwiki/main/cdn/leaguecontent/champions/Zed/images/Zed_icon.png,Assassin,"Jungle, Middle",Energy,Melee,Male,"Human, Magically Altered",Ionia,2012,,
Zeri,Zeri,https://raw.githubusercontent.com/ibelion/omniwiki/main/cdn/leaguecontent/champions/Zeri/images/Zeri_icon.png,Marksman,Bottom,Mana,Ranged,Female,"Human, Magicborn",Zaun,2022,,
Ziggs,Ziggs,https://raw.githubusercontent.com/ibelion/omniwiki/main/cdn/leaguecontent/champions/Ziggs/images/Ziggs_icon.png,Mage,"Bottom, Middle",Mana,Ranged,Male,Yordle,Zaun,2012,,
Zilean,Zilean,https://raw.githubusercontent.com/ibelion/omniwiki/main/cdn/leaguecontent/champions/Zilean/images/Zilean_icon.png,"Support, Mage",Support,Mana,Ranged,Male,"Human, Magicborn","Icathia, Runeterra, Shurima",2009,,
Zoe,Zoe,https://raw.githubusercontent.com/ibelion/omniwiki/main/cdn/leaguecontent/champions/Zoe/images/Zoe_icon.png,Mage,Middle,Mana,Ranged,Female,"Aspect, Human",Targon,2017,,
Zyra,Zyra,https://raw.githubusercontent.com/ibelion/omniwiki/main/cdn/leaguecontent/champions/Zyra/images/Zyra_icon.png,"Mage, Support",Support,Mana,Ranged,Female,"Human, Plant",Ixtal,2012,,